단어,개수
,627
열린,109
,13
셀트리온,891
대회,14
마스터즈,8
최종,51
우승을,6
대회에서는,6
앞두고,58
경기가,7
되는,16
모두가,7
상황,14
주최,7
진행,106
이상의,46
선수들이,23
경기,18
점차,6
전,207
있던,12
이번,184
주목,6
받았다,36
불구하고,15
채,6
안,30
필드가,6
수,665
때문이다,41
이에,70
골프,15
내린,44
언제,11
현장,32
이사는,22
토양,6
내,275
일반,13
보다,51
낮게,7
최소,8
수분,9
일,83
충분히,20
,13
없이,34
마지막,17
진행할,63
건강한,25
제공하는,11
것을,67
목표로,60
도입해,11
경도,6
깊이,14
진행하고,99
있다고,58
밝혔다한편,7
,19
대한민국,12
위를,46
받은,39
기자,132
,627
마이데일리,7
,158
구현주,7
기자,86
서정진,418
회장이,169
후,130
위기를,24
기회로,20
오히려,14
됐다,43
복귀,84
당시,55
달리,21
지난,393
주가,111
상승,50
대신,10
혼외자,96
논란,9
등,851
따르면,244
주가는,59
여전히,24
있다,984
이날,143
종가,7
기준,238
셀트리온은,843
년,80
주가가,59
년,105
이후,162
못하고,10
말,81
년,122
만에,111
다시,94
경영에,57
회장,114
바이오시밀러바이오의약품,89
복제약,64
글로벌,1032
등이,82
실제,30
매출로,6
못한,9
상황이다,12
자가면역질환,337
치료제,485
휴미라,140
바이오시밀러,1138
일,9
그룹주가,8
일제히,16
유플라이마,92
미국,779
보험,20
등재가,12
전망이,18
추가,48
등재를,8
여기에,17
유플라이마가,13
의약품,275
제약사와,10
약가,20
등을,163
허혜민,8
키움증권,12
연구원은,126
경쟁,36
신제품,14
인한,19
미국시장,19
주가에,24
실적,82
,14
등재,34
소식이,17
것이라고,99
회장은,314
구체적인,17
성과,7
경영,258
하기,15
두,319
딸을,21
둔,13
사실이,33
알려졌다,49
이,216
과정에서,16
딸의,40
씨를,25
공갈,7
혐의로,22
홈페이지,6
입장문에서,7
보는,8
않다,8
현재,190
현지에서,10
적극,68
영업,19
관계자는,356
회장을,44
비롯한,36
그룹,102
경영진이,17
이외,6
제고를,37
올해,442
하반기,43
회장,13
사진,21
셀트리온구현주,6
,7
지배구조,8
우수한,29
코스닥,102
일,60
오후,45
경제,49
통해,472
함께,138
코스닥,16
주제로,13
,54
우량,37
저평가,6
문제를,8
취지로,9
작년,67
월,49
본부장은,10
시장,475
상장,78
시장은,44
많은,83
기업이,44
시장의,68
한,205
시장에서,151
대형,26
문제가,14
지속적으로,40
했습니다,11
이어,250
외국인과,11
기관,10
투자를,34
코스피,15
대비,346
설명했습니다,9
김,23
셀렉트,7
통과한,7
개,18
종목을,8
종목,8
높여,8
세그먼트에,9
시가총액,7
재무실적,7
기업,168
건전성,8
합니다,12
억원,7
매출,298
영업이익,65
하고,91
지배구조,21
한다고,20
수가,6
대표,42
대부분,11
볼,14
있습니다,33
차전지,19
엘앤에프,7
반도체,36
소부장,32
있으며,12
바이오,258
셀트리온헬스케어와,17
또한,45
글로벌,16
속한,9
기업을,29
지수를,9
추종하는,8
국내,253
첫,74
내놓은,11
코스닥글로벌,62
현재,21
가장,99
큰,160
비중을,23
셀트리온헬스케어,50
,12
지수,8
,27
및,649
것으로,486
기대하고,66
있다며,59
차세대,57
집중적으로,8
장기,10
투자하고,13
소수,16
기업의,31
투자,69
시,35
등에,60
대해,204
자세한,6
내용은,10
아래,10
확인할,13
셀트리온이,211
달하는,22
공략을,13
특히,148
미국의,26
사보험,13
가격을,6
받아,44
우위를,10
확보하기,10
위해,330
박차를,33
제약바이오,62
업계에,33
삼성바이오에피스와,6
화이자,8
암젠,9
해외,70
처방,73
경쟁을,7
삼성바이오에피스는,15
내달,11
일,15
바이오시밀러인,38
시장에,121
셀트리온도,17
중,197
선보일,15
특허가,29
애브비의,10
휴미라는,33
지난해,413
약,334
억만,7
달러약,50
조억원의,10
매출을,119
기록한,31
블록버스터,120
의약품이다,11
달한다,37
누적,21
매출액은,46
출시된,36
세계,136
위,26
관절염,75
강직성,21
척추염,13
크론병,35
등의,181
치료에,45
쓰인다,6
수요가,19
고농도,120
제형을,40
제형은,9
약물,93
투여량을,22
절반으로,22
있는,491
강점이,7
시장조사기관,15
심포니헬스와,7
아이큐비아에,17
미국에서,147
아달리무맙의,19
는,8
제형이,11
차지했다,6
제형과,25
저농도,33
모두,92
것은,58
주요,288
목록에,6
있을지,7
연초,6
최근,204
바이오시밀러의,57
기업으로,51
결정했다,26
또,137
다른,73
오리지널,314
밝힌,26
만큼,137
약값을,6
미국은,7
보니,8
경우가,7
많다,10
리베이트,11
수준을,8
약국에서,11
가능한,45
개,12
등재에,7
성공하면,6
확장에,28
입지를,29
확보할,54
셀트리온헬스케어,144
이와,48
관련해,44
아달리무맙,97
를,6
대상으로,213
하는,73
것이,85
품질,6
바탕으로,72
수익성을,10
고려해,31
협의를,24
있다고,44
밝혔다,288
삼성바이오에피스,13
측은,99
관련된,17
입장을,20
말했다,291
제약바이오,41
업계,54
셀트리온과,6
초기,15
빠르게,63
위해선,10
외,12
한다며,7
여부가,11
점유율,97
각사,11
제공,21
장중,17
주,10
신고가,9
연속,32
하락했다,18
장,19
투자자들의,15
낙폭을,7
안에,24
번,16
있다는,107
미,8
대한,371
오른,72
점도,18
영향을,56
보인다,32
서울,61
뉴스,7
거래일,27
거래를,22
마쳤다,26
코스피는,9
하락한,18
뒤,48
들어,24
개인과,8
외국인은,9
각각,151
기관은,14
시가총액,21
상위,24
마감했다,35
했지만,18
상승했다,12
내렸다,6
이밖에,6
약세를,8
장을,31
기관이,7
순매수한,7
가운데,21
시총,10
흐름이,10
셀트리온헬스케어도,9
올랐다,23
반면,28
이외에도,12
하락,33
의장의,11
연내,114
금리,11
인상,7
이상,62
기대감이,19
반영된,14
일부,61
상승하며,7
환율은,6
일부터,17
이미,103
부분,6
다소,8
파월,7
인공지능,14
속에,7
시각,7
전장보다,11
떨어진,11
서울연합뉴스,8
우려,6
따라,180
집계됐다,7
지수는,32
소폭,11
유가증권시장에서,12
순매수했다,6
의장이,11
가능성을,21
흐름을,7
보였다,26
의장은,10
변동,8
않고,67
우려가,12
계속,29
불안,10
설명했다,87
초반,10
등으로,70
등은,26
거래일보다,19
가운데,73
하루,8
거래,32
동시,11
성장,76
오전,58
시,8
선정된,8
기업에,51
투자하는,9
개최했다,11
미래에셋자산운용,7
삼성자산운용,8
블루칩,9
기업들을,11
동시에,22
월,49
한국거래소에,18
,8
신규,139
연,23
가,7
만든,10
삼아,6
해,37
기업들의,19
기업은,31
원,36
조,11
원을,30
한다,51
회계,8
투명성,8
다양한,136
충족한,8
기존,156
,6
기업들로,8
차별화를,8
평가를,9
셀트리온헬스케어,10
중심으로,37
있게,34
이들,43
시가총액은,10
원으로,15
전체,118
업계는,6
안정적으로,9
투자할,24
환경이,8
평가했다,11
를,6
통한,32
확대를,23
관측도,6
코로나,75
팬데믹,18
주목을,12
개발,383
사업이,6
국내외,69
사업에서,8
손을,9
없어,13
물론,8
효과를,44
초,59
이사회에서,29
제약사,59
개발한,140
맺은,7
라이선스,11
계약을,123
월,39
선정한,10
몰누피라비르,7
복제약,17
생산,51
확보했다,8
셀트리온과,69
기업인,23
한미약품,8
중저소득,9
국가,12
복제약을,9
공급할,9
상황이,19
화이자의,7
개발을,121
완료해,20
허가를,224
생산을,15
위한,364
공정,11
몇,17
왔다며,6
진행한,50
아니고,6
저소득,9
그,54
부분이,12
월,9
중인,107
치료제의,24
임상,622
계획을,46
잠정,9
상태다,22
다만,49
후보물질의,7
상,6
환자,224
투약을,6
결과를,120
향후,125
전략을,35
계획이라고,17
사업,196
유럽에서,123
허가,454
신청을,192
산하,9
정식,6
않기로,20
치료제를,10
기타,6
가능성이,36
사용할,9
있는지,12
연구를,45
여러,43
사용,15
중이라고,11
업계의,7
이러한,30
결정이,22
미치는,24
영향은,14
크지,10
않을,15
것이라는,40
분석이,13
나온다,31
허가받은,11
제품도,16
치료제가,7
않아,19
없을,14
조현영,24
관련,178
모양새다,6
지역에서,13
사업을,66
하면서,7
그러나,20
,21
편입,15
섹터,8
시장을,99
대표하는,20
우량기업에,7
새롭게,14
상장한다고,9
,11
는,17
한국거래소가,6
산출하는,6
추종한다,6
한국거래소는,6
나스닥의,6
우량기업을,6
별도로,13
관리하는,24
세그먼트를,8
벤치마킹해,6
선정했다,8
세그먼트의,6
담아,9
지수로,6
아니라,83
환경사회지배구조,9
요건까지,6
감안한,6
엄격한,16
지정,6
조건을,14
담고,7
지수도,7
코스닥,20
지수처럼,6
기업,8
유망,9
섹터의,19
비중이,36
높을,7
뿐만,17
해당,113
개별,17
종목들에,6
더,126
집중,18
차별점도,6
보유하고,64
의,6
종목에는,6
핵심,63
소재기업인,6
포함됐다,13
총,187
보수는,6
로,6
최저이며,6
여타,7
들에,6
비해서도,6
낮은,29
개인연금,6
퇴직연금,6
계좌에서,6
투자가,15
컨설팅본부장은,6
정부가,14
육성하는,6
산업의,14
기업들에,7
높은,96
비중으로,6
선보인,13
물론,67
초과하는,6
수익률,7
성과를,69
기록하고,26
국내,6
원하는,10
투자자들에게,6
좋은,50
선택이,6
될,113
전했다,34
소속,12
는,8
기술력을,7
투자한다,21
기초지수는,6
년,88
한국거래소에서,6
조원,17
규모다,24
이는,49
를,6
차지한다,6
반도체와,6
차전지제조,6
서비스콘텐츠,6
산업군에,6
고르게,7
경우,125
공정에서,6
기술을,63
공급하는,13
소부장소재부품장비,10
챗,6
인공지능,6
산업,21
성장으로,10
규모가,25
확대되며,13
지수에,6
포함된,8
파운드리,7
수혜가,8
밸류체인의,6
핵심인,6
소재,24
기업들도,7
대상이다,9
올,68
증시를,7
견인할,19
정도로,20
급성장했다,6
대장주인,7
년,14
연매출,9
수준에서,9
조원으로,6
조원,17
규모로,21
성장할,20
재무,10
구조를,8
기반으로,32
연구실적이,6
기업에도,6
중에서도,9
상대적으로,18
시가총액이,10
일정,12
수준,12
자기자본을,6
갖춘,32
고객을,6
이벤트를,7
진행한다,16
월,76
일까지,6
대신증권에서,6
대상,62
일,6
추첨을,6
증권사,12
홈페이지에서,7
운용부문,6
매니저는,6
이끄는,11
애플,6
구글,6
아마존처럼,6
코스닥에도,6
수준의,28
기술력과,7
경쟁력을,194
가진,25
기업들이,28
연구실적까지,6
두루,7
싶다면,6
주목할,9
기술,87
전년대비,11
영향으로,14
비용을,10
줄인,22
삼성바이오로직스,9
매출이,74
년,23
일,110
공개했다,20
제약,16
의료기기,27
계약,57
규모는,85
조,10
사상,29
년,19
증가하며,15
처음으로,19
돌파했다,16
규모의,99
단일,21
치료,103
이중항체,62
프랑스,195
뒤를,6
없는,48
분의,10
성과가,17
분석했다,22
꾸준히,43
년,16
증가했다,18
같은,153
기간,64
부분을,7
차지하는,22
셀트리온의,209
트룩시마,33
허쥬마,15
이상인,18
바이오의약품,75
셀트리온,41
조정이,19
있었다,17
갈,6
되지,15
또는,34
없다고,32
중심의,23
있다며,70
경쟁력,41
확보를,48
강조했다,43
수준이다,9
코스닥지수는,6
직원들이,11
업무를,6
보고,70
시,12
개인은,7
상승하고,8
오르고,7
있고,41
중이다,115
보이고,59
기록,10
순매수,8
하락하고,7
를,6
기업으로,6
조,8
조,6
조,7
다음달,7
,40
원익,8
레고켐바이오사이언스,6
나타내고,12
개인,31
홀로,6
분기,29
실적을,29
발표한,23
것이라고,88
이어갔다,10
기록했다,92
코스닥,9
뿐,6
전기차,7
파이낸셜뉴스,26
예상된다,19
전망된다,10
안정적인,32
한편,40
설명이다,22
급등했다,7
실제로,18
가능하다,16
시밀러,50
출시,69
사,22
서울뉴시스,30
,11
재판매,27
,49
금지서울뉴시스송연주,15
연간,38
조원,7
치료제,6
시장이,36
비롯해,47
개,57
휴미라성분명,8
아달리무맙,10
바이오시밀러를,52
출시할,8
계획이다,163
등이다,6
이들은,11
먼저,49
출시한,23
암젠의,12
가속화할,8
방침이다,42
미국에서만,9
억만,7
달러한화,10
조억원의,9
류마티스,84
염증성,24
건선,16
사용된다,52
기업들은,7
점에서,15
일현지시간,10
예정이다,119
장점이,12
통증을,10
유발할,9
경쟁력이,18
있을,82
기대했다,13
분석,18
결과,86
판매되는,7
회사,111
외에도,24
오는,140
월,23
제형의,17
출시를,49
준비하고,37
제품을,81
준비,35
관심을,14
받는,8
시장인,30
이목이,6
하나인,27
제품에,50
특성상,13
경쟁력으로,9
아직,33
작용했다,7
셀트리온헬스케어는,71
홈페이지에,17
내고,25
제품의,79
국가에,38
코로나,20
인해,17
매출도,8
전에,14
겁니다,8
굵직한,23
경영진,10
전반적인,12
년,8
없던,6
월,34
셀트리온제약은,29
안건을,35
먹는,10
셀트리온제약,22
비교할,6
때,50
확보한,16
건,44
셀트리온그룹은,80
계약으로,7
최대,227
공급될,39
확대에,30
기대감도,6
내에,8
제품,228
완료한다는,15
제형,114
일이,8
고품질의,22
의약품을,25
코로나,6
데,87
만들,7
상황을,23
매우,14
것이라며,30
것,49
그런,11
속,9
폭,6
변화,13
배경으로,7
폭의,6
분석도,8
월,21
복귀하면서,17
신약,426
개발에,59
서,789
매출의,25
전환을,6
생산에,7
월,99
변화를,32
일선에서,44
대표가,9
부사장이,8
새,17
대표이사,19
자리에,6
오너,25
회장의,217
장남인,10
당신의,10
제보가,18
뉴스로,19
만들어집니다,18
는,18
여러분의,46
제보를,42
기다리고,19
있습니다홈페이지,18
,18
스텔라라,63
특허,62
만료,20
맞춰,14
해도,13
휴미라의,26
월부터,40
제품이다,37
이중,23
적응증을,13
확보하고,18
나섰다,15
년,20
유럽에,25
호주에,13
출시했다,9
유럽,276
지역,56
월,44
한국,16
월,26
판매,89
유플라이마는,34
제품으로는,8
처음,26
승인을,71
가지,28
제형에,7
더해,31
품목,47
제품군을,21
건선,39
건선성,36
궤양성,83
대장염,76
가지고,27
앞서,67
월,79
유럽과,32
신청했다,13
스텔라라는,21
바이오텍,25
경구형,114
체결했다,26
경구형으로,18
개발하는,10
계약도,7
상을,58
품목허가,89
신청,43
완료했으며,19
미국과,41
두고,28
품목허가를,103
진행했다,19
동등성과,17
안전성을,72
입증한,13
긍정적인,29
검토를,11
예상하고,32
분기,18
신청한다는,15
게,104
스텔라라의,9
제품은,34
점유율을,138
크게,62
생각은,10
때문에,77
이유가,6
개발로,8
본격적인,49
체제로,9
이를,104
역할을,42
모든,43
의약품이,28
않는,18
사실상,13
판매가,14
얼마나,6
어느,8
따라서,10
수밖에,8
셈이다,8
점유율로,13
이들의,12
당장,9
다음,10
달,21
바이오시밀러가,16
나설,24
등도,36
조만간,7
일현지시간,6
발표했다,12
단,9
대해서는,39
주가도,8
전날,23
유플라이마를,14
유플라이마의,55
판매를,23
전일,25
삼성바이오로직스의,7
것도,24
풀이된다,11
시밀러의,6
있어,51
현재,17
않은,22
이번,21
가능성도,12
완전히,7
높이고,13
성분의,9
있지만,17
선호도가,7
암젠이,7
바이오시밀러로,34
하다,7
암제비타는,7
내년,53
구상이다,12
지난달,79
내에서,19
점유율이,41
수준에,7
넘게,11
승인된,24
제외한,9
나머지,9
대,8
증시,6
상승세를,17
보인,20
개인이,6
상승한,14
앞둔,15
개선에,9
따른,51
힘입어,11
보일,7
것이라며,37
줄,47
프로그램,6
,7
건설,18
셀트리온헬스케어는,6
로컬,13
염증성장질환,10
학회,38
,9
등과,13
차별화,14
의료진,10
파리,17
인근,14
위치한,28
하트만,12
전경,21
,68
,12
개최된,13
꼽힌다,17
사람들이,7
프랑스에서,43
분야,47
의료진과,10
참가,15
공유하는,8
자리를,12
논의가,6
학회에서,9
이뤄지는,10
대거,7
참여해,12
날,23
열리는,48
참여,15
갖는,6
크론병과,6
환자가,30
수준으로,15
가파른,10
질환으로,10
공동,51
맞은,12
요람,15
부닉,11
병원,21
교수는,31
거의,23
있으며,30
세계적인,13
질병,9
했다,165
치료를,25
셀트리온헬스케어가,42
현지에,11
유통,23
프랑스는,7
인플릭시맙,99
제약사들이,11
그리고,15
어깨를,11
나란히,13
현지,132
셀트리온헬스케어의,44
램시마와,37
유일한,12
진출을,36
램시마,71
분기,85
포함해,23
개,17
정맥주사,31
피하주사,17
의료진이,17
제품과,8
회사에,15
점은,7
의미가,6
있다고,74
마튜랭,17
퓨머리,12
대학병원,20
교수가,12
행사,14
자체,91
발표를,17
넘어,42
목표,17
맞춤형,29
마케팅,75
활동을,60
강화한다는,23
일,19
아달리무맙의,10
연구,85
데이터,22
램시마,127
리얼월드,7
데이터가,6
,21
억제제,51
효능이,8
전환한,14
램시마피하주사제형로,8
결과,41
현재까지,10
유지하고,11
최근,19
환자의,33
삶의,18
질을,7
높이는,6
높아지고,10
스위칭,7
결과는,25
램시마가,53
효능은,9
환자들의,21
개선을,8
새로운,37
심포지엄,10
미충족,6
앙브루아즈,8
파레,6
,14
성재준,7
바이오전문기자,11
성분,8
참여한,10
참석해,21
최신,29
의료,23
최고,31
꼽히는,15
로랑,9
의료진,26
사례,9
법인은,7
,7
학술,20
심포지엄을,16
개최하고,21
소개했다,8
여성,6
환자는,10
매달,12
차,28
년간,14
효과가,15
줄어든,9
나타났다,9
램시마로,28
환자에서,7
중요한,42
내용을,12
환자들이,16
에서,6
로,9
전환에,10
것이다,58
질,9
기대감을,15
교수,8
법인,33
사이에서,8
램시마에,10
인터뷰에서,8
,44
,40
제형으로,91
젊은,9
선호하는,8
램시마는,121
유일하게,13
제형인,28
램시마와,30
효능과,16
차이가,10
빠른,59
속도로,13
지난,8
시기에,13
결과가,25
하지만,48
아는,6
말했다이어,15
알고,10
와서,6
자신의,8
경험을,6
개월,6
유지했다,13
복귀한,38
주로,12
고용량,17
전환,17
기준을,26
새로,8
늘었다,15
램시마를,31
아닌,32
램시마,16
치료제로,103
경쟁이,19
치열한,8
시장에서는,8
투약,35
덧붙였다,27
반등,8
상반기,53
기술수출,12
이어졌다,9
국제,8
기회를,24
성장에,27
잇따라,9
파이프라인의,32
반등을,13
세계에서,7
한국,22
기업과,49
신약개발,34
관심이,25
커지고,8
사진은,12
보스턴에서,20
,9
모습,6
정부의,7
육성,11
바이오,17
인터내셔널,22
업체,18
파이프라인을,60
측,11
관계자,9
최다,18
한국의,9
평가가,6
나오는,7
부회장은,15
비교해,13
찾은,6
가치가,19
지난해부터,12
시작된,12
월까지,10
이뤄졌다,10
역대,25
규모를,17
분기,145
분기,8
코로나바이러스,8
감염증코로나,6
늘어난,22
수치다,10
규모,58
할,91
후보물질,19
상,53
발표할,7
연구개발,22
상을,17
타깃으로,6
낼,61
기대되고,12
항체,114
식품의약국에,23
일,46
진행을,15
승인,78
약물의,11
확인한,11
,59
많이,30
발생하는,14
조원,8
신약을,25
개발하고,19
약물을,33
플랫폼,140
물질,48
발굴,27
폐암,6
상,212
에서,6
발표된,9
쓰이는,10
앞선,16
신약으로,50
신약이,6
신약의,8
그만큼,12
질환이다,7
에,33
비용이,10
,14
세,21
출시로,16
경쟁에,15
전년,106
동기,59
감소한,11
이상을,15
담당하는,13
등장으로,7
애브비가,7
개월,8
바이오시밀러,12
가격이,6
출시가,19
식품의약국으로부터,30
,53
나선다,24
제외하면,9
시장조사기관인,12
차지하고,16
간,40
전망이다,29
병원에서,6
약을,10
받을,21
중에,6
점이,18
어떤,48
이슈가,11
오늘,13
관계가,33
개선될,10
것이라고,39
중국,6
갈등을,6
기대되는,10
한다는,19
힘을,19
한국을,6
그러면서,17
관련한,12
상황에,12
대규모,30
검토하고,18
늘어날,9
어떻게,20
된,29
영위하고,7
보도가,6
증권가는,6
추가로,51
나온,9
국내에,19
공식,42
협업을,12
해서,8
가능할,14
확인,9
맺고,11
있어서,11
사업에,24
대해서도,14
내용이,10
인천시,26
연수구,35
본사,19
셀트리온제약도,11
성장이,26
제품이,32
불확실성이,36
경우,8
됐다며,19
,8
다국적,21
매출액이,13
시장서,7
삼성전자,6
업종의,9
역시,81
일,9
판매하는,8
미칠,21
지분,44
추진하고,6
동반,18
수주,6
폭으로,18
강세를,17
긍정적으로,18
금융,8
남은,53
바,104
후속,127
개,78
개발도,28
공장,8
전경,7
제품군의,7
견조한,19
성장세에,6
임상과,7
강화를,22
추진한다,8
개발과,20
투자도,7
진행해,43
회사로,53
도약하기,43
노력을,63
이어갈,6
차질,17
파이프라인,102
개의,30
항체약물접합체,26
마이크로바이옴,65
분야에서,47
오픈이노베이션을,23
제품군은,8
유럽,14
성장세를,40
이어가고,28
램시마램시마,7
,6
트룩시마,19
,7
트룩시마는,8
보이며,10
이끌고,6
,8
트룩시마가,7
달성하며,14
성장을,55
램시마는,26
지속,39
미국에,29
시너지,28
지금까지,24
램시마,27
허쥬마,23
램시마,46
유플라이마,24
베그젤마,24
의약품에,15
확보해,12
절차를,50
신청해,7
년까지,51
포트폴리오를,78
개까지,25
확대할,50
계획이다셀트리온은,19
졸레어,62
의,39
완료했다,45
순차적으로,49
신청할,65
아울러,16
아일리아,73
의,11
허가도,9
,26
오크레부스,73
은,6
상에,24
분야의,18
프롤리아,47
,27
악템라,56
,66
중이다셀트리온은,7
획득으로,10
확대한다는,6
개국에서,9
의,14
,6
확대하고,41
합산,27
점유율은,32
램시마의,201
기대된다,14
절차가,13
획득을,59
최초,53
진입을,8
판매에,13
있도록,156
합의를,11
완료하고,26
획득했다,11
생산시설을,9
수요에,6
셀트리온헬스케어를,16
탄력적인,18
가격,35
점을,19
기술과,22
기반,20
회사로서,6
갖춰,7
나간다는,9
우선,31
,6
지속하고,26
도입,10
확대해,37
마이크로바이옴,15
셀트리온그룹의,35
키우고,26
개발에서,18
시너지를,54
거시적,23
관점에서,10
고려한다는,15
라니,32
테라퓨틱스와,14
우스테키누맙,39
체결에,11
이은,15
번째,15
협업으로,8
혁신적인,14
전달,18
플랫폼을,42
적용한,16
협업에도,10
집중하고,30
파트너십,11
바이러스,22
체결하며,6
파트너십을,19
모색하고,6
확대,47
삼성바이오로직스는,18
이달,40
,19
선제적으로,8
공장을,6
개발,7
확보,30
속도를,46
체내,18
강력한,26
활용해,22
항암,33
년부터,8
확대될,18
금액은,15
원에,8
시험,22
감안해,7
시설을,6
년,34
강화하기,8
월,30
전문,20
더팩트,14
업무,11
협력,20
예정이다셀트리온은,17
지분을,24
직접,95
가치,19
판단하고,7
신성장동력,12
하나로,10
혈액암,16
전이성,11
직결장암,11
개발이,15
뛰는,30
더팩트는,22
시간,23
기다립니다카카오톡,22
더팩트제보,22
검색이메일,22
뉴스,22
홈페이지,22
,22
송영두,11
바로,9
투여,21
나서는,9
확보하면,15
이데일리와,6
만난,11
일현지시간,7
만나,18
주도적으로,12
시작했다,9
모색하는,7
처방을,6
램시마를,40
처방이,15
측면에서,17
번째로,10
좋을,9
방식으로,15
이유는,11
이상이,6
병원을,11
방문해,8
있어야,6
고려하면,8
그는,90
환자를,47
병원으로,12
환자들을,37
언급했다,10
잘,36
확인했다며,6
램시마는,10
전부터,16
성공적으로,22
발전을,8
했다고,13
셀트리온헬스케어에,26
지원을,13
제품으로,34
아미앵,6
,6
전망도,10
강점을,29
설명하고,6
기준으로,17
있기,19
이런,45
주력,28
제품인,43
혁신을,18
피하주사,121
했던,6
결과다,14
램시마와,8
지난해에는,12
제품군,22
직접판매직판,15
이같은,8
알려진,23
최초로,34
매년,51
교수를,6
참가해,32
바이오의약품의,15
효과,10
개선,20
아니다,7
중요하다,11
진출,12
있고,24
높다,13
효능을,12
적극적인,28
정맥주사,40
현장에서,13
제제,7
의약품과,57
높였다,11
등에서,14
자신이,6
반응을,14
보이는,9
적극적으로,39
환자에게,30
특정,20
점,8
년,15
확대로,9
온실가스,9
공장,13
셀트리온에,55
지속해서,16
법적,31
올해부터,20
걸쳐,7
송도,47
지원할,9
인천,119
수요,8
증가에,9
비중은,9
기대할,7
방안,6
증가,13
가까이,9
공장을,7
조원,13
공시대상기업집단,6
계열사에,11
안정,10
자사주,86
합병,89
셀트리온그룹,208
은퇴,6
임기,8
한시적,18
복귀를,58
선언했다,6
소방수,7
위기,34
셀트리온을,23
지,39
공략에,14
복장,34
불거진,7
주주들의,34
있다셀트리온은,51
판매하고,7
있는데,9
연말까지,14
의,20
월엔,12
의,22
의,18
품목허가까지,10
임상도,17
파이프라인인,29
의,36
를,22
규제기관에,20
제출했다,19
,13
,13
상이,12
순조롭게,21
진행되고,30
최대한,21
신청이,32
완료된,14
제품까지,25
더하면,25
빠르면,9
년,47
출시제품,10
포함,10
개의,16
된다개의,6
신규시장,10
진입이,20
가능해지며,6
시장까지,16
개,31
포트폴리오,33
전체에,18
된다,46
친모인,23
조,26
모,6
씨가,27
소유한,11
회사인,8
서린홀딩스와,25
서원디앤디가,11
계열사로,42
강남구,10
빌라텔오피스텔형,6
문수연,6
논란에,10
직원,8
복장을,17
규정,8
명이,28
호적에,45
친모가,11
대표로,23
추가된,10
상속,22
문제로,7
이어질,25
회사는,61
확인됐다,14
있지,11
차원에서,20
계획도,11
상대로,26
면접교섭,13
걸어,16
공갈과,27
명예훼손,31
혐의,18
안정과,7
주주가치,41
이사회를,40
매입을,50
회복과,6
합병이,17
이번에,30
매입할,13
자사주는,12
취득,14
예정,15
취득은,12
일까지,10
장내매수를,9
진행될,40
월과,11
월에,11
자사주를,30
매입하면,7
올해에만,15
만주약,7
취득하게,10
지난해에도,9
주주들,15
지적이,6
나오고,19
있다이와,7
검토,15
박스터,24
바이오파마,6
솔루션,12
사업부,67
인수를,31
,57
있다셀트리온그룹,6
사,123
합병에,31
합병을,35
분식회계,13
그간,6
지켜봐야,7
주주들이,22
변함이,6
없다면서,6
오는,10
그룹사의,7
시기를,10
조율하고,7
일,15
원,15
다,24
,10
일,10
목표를,18
일본,25
원가,6
비중,24
일본에서,8
일,17
기록해,6
만이다,13
대표적인,13
올린,18
바이오시밀러도,8
공급하고,12
시장에서도,6
유방암,12
의약품의,18
나서고,35
의해,11
중국,7
없다,14
보면,23
기록하며,43
매출은,82
효과로,7
좀,26
시간이,9
일회용,7
필요한,49
김태환,12
공급을,10
범위에서,9
정부와,9
그동안,42
왔다,8
협력을,12
시작으로,31
예정이라고,13
지속적인,9
계획이라고,12
제공,24
대,21
개국,11
이하,6
밝혔다이번,20
동안,42
환경을,8
여명이,7
둘째,23
날인,8
유플라이마성분명,9
심포지엄에서는,7
선택,11
평가,35
미래,40
의견을,14
나가는,6
별도의,6
홍보,12
부스를,30
앞으로도,14
참여를,8
더욱,90
법인장은,26
편의성을,54
개선한,21
의료진들의,6
한층,30
법인에서,6
관심,9
역할이,6
편의성,9
만큼,23
자가,17
가능하다는,9
옵션으로,14
이번,20
국가별,11
회사의,47
커머셜,19
성과는,15
최선을,181
다할,52
진행된,22
계열사,46
독일,12
스페인,13
학회인,7
를,9
백,8
공급,35
이어져,6
보유,31
오픈,36
추진해,6
온,14
계기가,10
둘러싼,32
환경,11
혁신,14
직판,69
기사는,9
팜이데일리,6
프리미엄,6
콘텐츠로,6
선공개,6
직접판매,10
체계를,6
각,58
한편,21
개의,7
충분한,12
변화가,38
법인이,14
김동식,10
살림,6
메디컬,13
디렉터는,12
사업과,9
하지,28
벤칼리파,12
영국,14
작용한,8
구축에,8
나선,17
그룹이,8
확대가,18
업계에서는,9
셀트리온그룹이,23
뛰어들,8
법인을,13
사업은,14
결국,11
쌓아온,6
노하우를,17
솔루션을,7
앞으로,24
신속히,12
것과,6
년간,12
받고,23
분야에서는,6
식품의약국,31
기술이,8
성장한,7
분야에,8
것이란,35
분석이다,10
효능,11
경구용,18
의,11
수도,14
램시마가,7
긍정적,13
이같이,9
만성,72
염증을,17
이용해,14
병원에,8
나오지,7
비교적,6
질환을,8
기존,7
동일한,10
갖고,45
안전성,64
독자적인,9
대해선,8
만들어,23
질환,66
전망했다,24
세계적으로,8
지속될,9
발생할,6
류머티즘,45
특허는,37
월,7
월에,17
만료될,24
얀센이,8
인터루킨,17
,17
판상형,31
크론병,47
사용되는,10
시장조사,32
기관인,29
아이큐비아에,35
억만,10
조억원에,6
넘는,25
에,17
신청한,20
일,44
식품의약품안전처에,14
말까지,7
미국,15
폴란드,22
에스토니아,9
시험을,11
유효성과,61
동등성을,39
에도,9
신청서를,23
제출해,8
임상을,89
확인했다며,8
시장에도,15
임상시험,11
주목된다,6
년에,7
바이오시밀러는,10
판매할,7
따로,8
처방할,12
레미케이드,9
전략,58
이유로,13
있었던,6
단순,11
가지,6
전략으로,19
치료제인,20
인플릭시맙,6
처방액,6
램시마까지,14
입찰,40
바이오시밀러에,13
역량을,34
퍼스트,11
개발해,10
데이터를,34
위탁생산,11
제대로,11
주목받고,20
목소리를,9
를,17
수주에,16
독점,36
같이,20
상태를,6
객관적으로,6
펼친,8
도소매,6
출시돼,8
어려움을,21
병원,8
환우회,16
시장으로,14
평가다,9
선,6
회사가,40
기업이다,6
정책을,17
유럽에서는,10
의사,29
눈에,8
기반을,15
여명,6
램시마성분명,12
트룩시마성분명,10
리툭시맙,8
계열,12
특유의,15
마음이,7
하나다,10
램시마로,10
됐다고,6
어려운,25
스스로,36
주사가,9
의료진의,16
행보에,8
년만에,15
정확한,12
전략이,13
우리,34
사람의,12
성공,8
의사결정이,11
굉장히,9
꼽았다,7
듣고,6
불만이,7
없다는,8
의미다,8
한다며,15
천식,23
안과,12
열심히,17
샘플링,8
활용하는,6
정도,13
이슈를,9
전반에,8
올해,13
년부터,9
바이오,6
올해도,13
중장기,10
지원하고,6
지원했다,6
월일까지,7
장내,7
세번째로,7
나선다셀트리온은,8
결정했다고,15
억원,17
년,30
사진셀트리온,6
현금,19
배당,13
주식,29
결정,11
환원을,7
셀트리온의,11
자신감과,9
노력으로,9
세번째,8
진행하게,10
취득과,10
더불어,43
성장동력,11
강화하고,30
기업가치,13
보존과,11
노력하겠다고,6
밝혔다한편,6
금융시장,7
재판매,21
금지서울연합뉴스,12
창사,8
이래,25
확대,9
이사회,151
보고서를,6
기우성,29
완료,6
로고,11
사진셀트리온,13
제공,15
강화,8
계획이,7
외부,6
개의,16
요구하는,7
직원들,8
프랑스,6
만드는,10
본격적으로,38
도입한,6
편의를,15
비해,7
신속한,6
법인의,13
도움이,41
이후에도,6
램시마에,11
직판을,8
확보가,7
증가가,17
이뤄지고,7
브랜드,39
쓰는,10
베그젤마에,6
입지,6
외에,34
차별화된,35
적응증,32
위해서는,11
찾아,11
목적으로,14
국가에서,27
년,13
지금은,6
만주,6
만주억원,6
완료했고,7
매수,9
주주,39
자사주,7
동력,8
강화하고,7
노력하겠다고,7
수는,6
결정은,6
셀트리온,8
경쟁사,9
이끈,7
분,8
가량,7
중간,8
몸,7
다투는,6
영업을,9
않았다,14
미팅을,16
과정을,11
아우르는,9
램시마의,15
항암제,53
제품군에,15
신뢰를,6
분야는,6
보유한,76
각종,6
돈을,8
비용,14
유럽의,9
진출해,6
진입,9
회사와,11
위치를,11
제품들이,9
셀트리온데일리안,14
김성아,20
완료한,9
있다셀트리온,31
주식을,20
주가를,14
진행된다,10
사진,13
된다셀트리온은,6
셀트리온의,16
됐다며,12
셀트리온은,11
계획이다셀트리온,17
공시했다,33
전경인천김현민,6
말했다한편,15
열고,29
확대는,7
걸고,8
관계를,18
조직을,6
높이기,6
전략이다,6
맞는,12
넘어선,18
파이프라인까지,6
추가해,13
개로,16
체제를,13
아바스틴,9
돌입했다,10
인재,6
모습을,18
구축을,13
토마스,9
활발한,8
상태입니다,8
은,8
스텔라라의,6
허가가,14
명을,9
투여한,6
나눠,25
심각한,16
주,8
평균,9
비슷한,6
상에서,24
통계적,16
차,23
이,11
통계적으로,18
우위,7
나눠,7
출시될,17
기존에,6
임상의,6
조금,18
없다고,11
곳은,6
마친,12
바꾼,6
투약한,18
가까운,6
차이를,9
발생한,12
동등성,44
,15
대응할,6
밝혔습니다,11
앞세워,8
가시화,7
개국,6
확대되고,18
일,13
네트워크를,10
직판체제,6
수익성,19
영역을,31
램시마가,9
이후에는,17
의,13
성공해,8
내년까지,13
이어지고,19
구매가,8
활동이,11
해인,9
년에는,9
공격적으로,10
유지,32
치료,6
를,6
진행하는,28
,8
하에,6
제형이다,10
지속되고,9
,8
수립해,8
트라스투주맙,6
포트폴리오가,8
강화된,6
이해관계자들을,9
우호적인,11
네트워크,20
형성과,10
강화한,11
제품들,10
예정된,20
환자들에게,30
개량한,6
램시마도,9
달성했다,22
성과도,7
가시화될,11
공격적인,17
체제,10
지배력을,8
강화하는,8
자리매김했다,7
연합인,9
유니하,9
측의,8
활동에,7
제약이,7
커,6
점유율에,7
제품에서,8
듀얼,7
주요하게,11
허쥬마성분명,9
트라스투주맙,10
분야에서도,13
거둘,10
있었다며,8
올,7
입찰에서는,7
지속할,14
것,16
제품들의,8
자체적인,7
유통망,7
인플릭시맙를,9
확대하며,16
포물레이션,7
아달리무맙도,8
펼치면서,7
개선하며,6
용량은,7
프리필드,8
시린지,7
직판이,10
참여할,11
베바시주맙,8
간의,34
강화할,19
올,8
,14
올해,28
,15
시작한,11
역량,18
구축해,6
개최,6
안착한,8
입증했다,17
기대,16
인수한,6
매각,8
관련,7
제약회사,6
인수,32
자금,8
년,9
아시아,28
내놨다,8
일선에,48
대만,11
호주,8
당뇨병,6
사업인,6
제약바이오기업으로,7
사업의,16
예상,6
영업이익률은,14
로,7
그냥,8
바이오시밀러,7
연구개발,6
증가할,11
내년부터,7
물질을,8
임상에,19
선언한,8
를,25
마련해,17
메신저,7
리보핵산,6
연결기준,25
실적이,18
상향,9
영업이익이,37
개월,18
일,18
개월,10
선행,9
사이에,7
은,7
떨어졌다,7
실적은,20
이데일리,18
다발성경화증,69
오크렐리주맙,8
의,13
임상시험계획을,22
받았다고,14
승인은,12
의,44
임상시험계획을,12
명의,32
재발,40
완화형,40
다발성경화증,14
,15
과,36
약동학,20
비교,32
계획이다의,10
오크레부스는,50
로슈가,26
재발형,18
원발성,17
진행형,33
다발성경화증,32
조원의,24
다발성,39
경화증,36
지키고,15
조억원으로,6
,19
이상에,8
알레르기,24
증상을,10
확인했다,25
억제하는,7
알레르기성,31
천식과,8
특발성,59
계획,12
승인받았다고,16
일,20
형태로,6
상은,7
안전성,20
높일,6
제공할,16
토대로,11
임상은,13
만,6
성인,47
약동학적,18
관여하는,17
주는,17
추진할,15
로슈의,14
자가면역치료제,9
유효성,33
시간,9
성분명,6
오크렐리주맙,12
획득한,41
것으로,6
로슈가,16
재발형,9
다발성경화증,18
원발성,10
신규,13
이,23
받으며,23
절차에,28
돌입하고,8
조원이,9
오크렐리주맙,11
공략,27
준비에,10
앞으로,8
가해,13
퍼스트무버로,11
거듭날,14
다하겠다고,67
,21
,27
,24
품목의,26
완료할,14
셀트리온이,17
파이프라인과,8
맡고,26
바이오시밀러다,8
이탈리아,37
확대와,6
확대한다,6
예정인,12
제거한,9
사진셀트리온,13
일,17
오크레부스성분명,8
약동학,30
의약품인,56
다발성경화증,8
우스테키누맙,15
제출했다고,20
국내허가를,7
획득하면,15
램시마,14
종양괴사인자,11
인터루킨,36
확보하게,18
신청에,11
곧,16
억제제로,10
글로벌의약품,27
억,6
바이오의약품이,22
증가했다고,8
스텔라라성분명,10
적응증은,6
체결했다고,26
협업,24
캐나다,8
북미,22
디지털,11
하는데,9
오크렐리주맙의,8
오크레부스의,7
신규,9
임상,11
다하겠다고,42
졸레어의,6
아일리아의,26
,6
악템라의,8
,10
영역에서,19
의,9
크론병궤양성,6
유럽의약품청에,23
얀센이,11
억제제다,6
따르면,14
임상에서,21
바이오의약품을,11
치료제다,26
연수구에,12
출시와,6
상황에서,38
예정으로,8
채비를,7
지속한다는,10
달한다셀트리온은,7
오크레부스성분명,12
출시에,8
명예회장의,104
열어,11
명예회장을,32
셀트리온홀딩스와,17
사내이사,96
겸,76
공동의장으로,34
주력하고,9
항체신약,36
개발하기,7
서,9
내기,14
합병은,19
사항이,6
없고,9
현지시간,18
,7
승인으로,7
상용화를,6
설정한,6
개,9
오크레부스,6
임상이,11
시험계획을,10
유플라이마,6
확보에,30
마무리하고,19
목표다,22
돌입한,13
로부터,11
알렸다,8
재발형,7
원발성,7
곳이,11
없고,6
셀트리온은,24
성분명,16
임상상,12
시험계획을,6
고품질,7
하겠다고,11
제공셀트리온서울경제,12
원의,6
복제약다,8
임상,6
유효성,34
말했다셀트리온은,11
,29
되도록,13
,16
신청했다고,16
개발했다,7
하겠다고,10
달러로,7
확대하게,9
예정이다셀트리온,13
,7
인수도,7
자가면역,8
골다공증,12
관절염,83
강화와,6
이노베이션을,17
개발에도,18
고려할,6
확보와,20
조원,27
바이오,7
화이자,10
일,38
스위스,9
앞세운,6
덕분에,6
논의를,17
개를,6
이르면,8
유플라이마,9
힘쓸,7
유플라이마와,16
상호교환성,6
특징이다,7
억만달러약,12
,19
미국을,10
바이오텍과,14
캘리포니아,8
항체를,9
테라퓨틱스에,6
테라퓨틱스는,6
탑재할,14
적용해,15
아달리무맙을,16
결과에,32
판매권에,12
협상권을,17
갖게,15
제형으로만,13
전달이,15
가능했던,15
단백질,15
항체의약품을,16
라니필은,13
유사한,63
생체이용률을,8
억,6
만,6
시장에서만,13
심화되고,10
편의성까지,20
상당할,9
의,14
유럽의약품청에서,7
총력을,8
조원,8
주요국에,11
황반변성,6
를,8
안과질환,39
영역까지,10
제출한바,7
악템라성분명,7
토실리주맙,14
진행중인,6
년내,7
조원에,11
과정에서의,9
극대화하고,9
판매에서도,8
상승효과를,7
강화에,13
힘쓰는,6
노력도,10
모달리티,31
발굴을,30
두번째,12
협업해,8
계약,7
공동연구개발,28
바이오마커,28
있다셀트리온그룹은,6
관점의,17
인수도,19
차세대,9
지속하고,9
의,14
완료했으며,6
구축,7
밝혔다셀트리온은,21
두드러기,54
소아,69
일,19
밟고,11
유럽에선,8
확보한다는,10
복귀로,12
정기주주총회를,7
거쳐,18
올해까지,6
도약,6
규모로,6
아일리아는,12
항체신약,8
글로벌,15
바이오시밀러와,12
개의,6
확보하는,8
가할,7
등에서도,21
누스비켈을,7
최고사업책임자로,6
최적의,6
집중할,9
추진,21
,8
조,6
탑티어,9
밝혔다앞서,6
매출액,51
바이오신약,17
기자서울뉴스,6
개,17
갖추고,6
스크리닝,7
활용할,8
활용,8
기대한다고,7
램시마의,6
램시마의,7
임상시험을,12
활성,8
인플릭시맙의,8
무작위,11
높인,7
기대된다고,10
일,13
셀트리온제약이,13
지원,36
전형,8
절차는,13
면접,9
최종,6
순이다,6
채용,6
근무,8
온라인,38
이익,8
김새미,6
일,36
셀트리온홀딩스는,8
셀트리온홀딩스의,6
사용될,7
예정이라고,10
그룹의,47
뉴질랜드,34
의약품의료기기안전청으로부터,11
레미케이드에,8
적응증에,45
뉴질랜드에서,28
램시마의,14
받게,7
오세아니아,46
주요국인,8
전역으로,9
점유율과,8
영향력,13
호주에,6
뉴질랜드에서도,10
획득하며,11
여러,6
데이터에서,11
입증하고,18
획득했다고,20
강화하게,17
됐다이번,8
호주에서도,7
이어나가고,10
개국에서,7
레미케이드의,7
진출도,7
,7
미국에서는,7
일부터,8
일까지,8
는,6
제,19
대표는,8
당초,18
했다고,8
조기,6
가동을,10
기술에,16
예정이며,6
에,9
미팅룸을,9
제조,12
설립,8
내부에,7
미팅,8
프라이빗,9
사전에,17
파트너링,18
단독,19
부스,11
공간과,7
마련했다,6
년부터,11
참가하고,7
기업과의,12
경쟁력과,8
포함한,24
항체약물접합체,6
분야까지,8
폭넓은,7
잠재적,9
파트너를,8
탐색하고,7
공동개발을,8
일,7
,8
발표,15
지원하는,13
지주사인,8
지주사,13
매출과,19
셀트리온제약,6
를,6
올해는,30
제품으로,6
끌어올리며,6
여러,6
설명했다셀트리온은,7
적응증으로,10
유전체,20
코호트,9
빅데이터,34
실적으로,6
바스젠바이오는,10
설립된,16
시간에,9
위험도,6
독보적인,8
바이든,7
필요하다는,9
구성하고,6
년간,8
바스젠바이오와,13
질환의,19
표적,9
발굴,6
바스젠바이오,12
무모한,14
예측하는,6
매출액을,8
나흘간,11
발판을,11
추가적인,6
,7
계획이라며,6
여부에,7
헬스케어,38
부진에,6
전망치가,7
업종,14
전망치,8
박병국,7
투자증권,11
때는,9
나올,15
거다,6
인수합병,14
기점으로,13
영업이익은,82
증가한,51
박,7
시즌,11
일부터,9
사흘간,8
양양군,6
셀트리온,9
번째,7
대회인,6
출신,9
직전,6
올라,12
주최하는,6
이전,6
희망,6
프로그램을,13
만원씩,7
기부할,10
전인,6
강원도,21
출신의,7
산불,32
피해,33
극복하고,14
희망을,8
양양,8
셀트리온,7
일,10
밖에도,7
활성화를,6
되길,9
비즈니스,10
를,7
별도,7
내년에는,6
예정돼,9
개발뿐,6
계획에,6
역량에,8
이뤄질,6
라니와,10
라니에,14
라니는,18
개발한다라니는,6
캡슐,12
라니와의,7
협업이,11
갖추는데,9
계약에,23
완료되면,11
효과에,9
돼,27
조로,6
추산되는,10
영향력은,7
억만달러약,8
기록했다셀트리온은,6
판매허가를,14
획득한데,6
식품의약국에서도,6
협업에,19
돌입하며,18
발굴도,6
아니라,9
에,7
까지,11
경구제,14
치료방식을,11
다변화하기,11
국내외,9
바이오텍과의,12
도모하고,12
진행되는,24
컨벤션,9
에,7
일,23
진행하고,8
확인된,6
바이오시밀러,12
회사를,61
강화는,7
공동개발,6
이노베이션,6
방안을,9
다각도로,7
에,9
의지를,8
경험과,12
경쟁력에,13
회를,7
영토,7
도약을,12
,6
펼친다고,6
경구형,7
경구형,11
,6
체결한,15
하나로,10
특히,6
준비하는,7
전시장,7
이중항체,16
다수의,8
금지서울뉴시스황재희,9
현장에,19
항체약물,6
우스테키누맙개발명,6
맺게,11
아달리무맙을,9
향상시킨,9
오리지널의약품,15
,8
기울이고,9
바이오기업,9
방식을,6
양사는,7
센굽타,6
밀라노에서,25
발표하고,14
추천하는,23
기존,7
못,10
주,11
성장하고,10
가는,6
밀라노,11
미코,11
컨벤션센터에서,11
에서,6
금지,7
일,34
일까지,16
참석한,16
우월성이,11
선도적,18
위치에,8
효과적인,7
유럽을,9
,7
일부터,9
유럽류마티스학회,16
에서,6
각국,7
명이,7
참석했다,8
우월성을,7
척추염,6
임상에서도,6
확인되면서,8
수익성이,27
기여할,8
,9
호평을,6
한번,16
조명하는,6
시간을,12
참석자들은,6
질환에서,8
적응증인,6
임상서,7
유럽류마티스학회에서,7
출시하고,11
유럽시장에서,14
기록했으며,6
봤다,13
의,41
온라인으로,17
공개했다고,15
권위의,15
학술회의를,9
동향,14
정보를,16
피험자,17
명을,17
투여군과,43
투여군으로,16
약동학적,14
투여군이,11
명의,10
상도,27
상태와,11
을,14
마찬가지로,17
피하주사와,9
염증,15
유발에,15
인터루킨,13
단백질을,17
억제해,15
감소시키는,10
류마티스,6
전신형,7
다관절형,7
거대세포,7
동맥염,11
사이토카인,7
방출,14
증후군,14
악템라는,25
만,8
공식적으로,9
하는데,7
메시지를,6
억원을,16
차별성을,8
인정받아,7
절차,13
증권,6
증권은,7
확보,19
출시,18
하반기부터,9
풍부한,11
예상보다,16
일,12
복제약인,12
확인했다고,18
전신형,7
거대세포,7
약물이,6
안전성에서도,29
악템라와,8
피하주사와,6
오리지널과,6
상에서,7
확인하고,10
확장하는,13
보였다셀트리온은,7
확인했다셀트리온은,6
기록했다셀트리온,6
차질없이,29
억제제에,9
유사성을,17
치료제로,8
속도가,13
붙을,9
우크라이나,8
,11
상업화에,6
강화될,7
전망이라며,6
당국과의,11
절차도,24
악템라,8
바이오시밀러,22
바이오시밀러,18
송도에,9
바이오의약품이다,8
일,12
만원을,6
제시했다,18
관절염,9
장질환,7
건선,7
휴미라가,8
유의미한,15
리스크,6
확정된,6
내다봤다,14
월,6
특허를,6
투자의견,19
목표주가,16
셀트리온은,22
진단했다,8
내성균,8
예정이라고,8
항생제,7
많지,10
예정이라며,11
사항은,7
추후,8
생산시설,19
살펴보면,7
왜,6
기대가,6
보이지,10
있는데,12
진행이,12
이렇게,12
본격,15
소액주주,17
주주총회,32
비율은,8
셀트리온,12
시점에,15
거래가,6
추진을,6
주주가,7
내부,15
일,17
완료했다고,7
적응증,6
에,6
전망이라며,8
규제,9
획득,10
스텔라라,6
기사내용,20
스타트업,16
이끌어,11
,6
한때,6
,7
진출에,7
지위를,11
영업이익률을,8
기록할,12
예상했다,13
목표주가를,19
만원으로,7
매수를,6
증권,11
연결,36
매출액과,16
영업이익을,11
품목들의,11
기대된다고,6
영업이익률,15
상업화,8
공급이,8
개선이,8
모멘텀이,9
전망이라고,6
조,9
추정했다,9
,8
나왔다,10
허셉틴,7
의,6
필요하다,6
놓고,7
주력할,6
백신,14
나선다는,9
복제약의,8
예상되는,7
상승을,11
감소,7
이벤트가,6
기대된다며,6
스텔라라,9
성장과,6
한다고,12
주주들에게,29
논란이,18
공장,12
있다며,12
나서,6
전국플랜트건설노조,7
셀트리온,8
턱없이,6
겪고,15
노동자,6
깔고,10
휴게실,6
문제는,7
책임을,6
않았고,8
말을,9
아니냐는,8
년,18
인력을,6
바이오파마솔루션,46
의사를,6
확보에도,13
바이오,12
소송에서,7
소송을,43
기본,16
감소했다,7
제기한,11
심사,8
우리가,7
월,9
일부는,6
년까지,23
전략에,7
명을,6
천식,9
간담회에서,12
개,8
송도국제도시,7
앞에서,12
보지,21
주장했다,16
해야,14
경영을,16
의약품청이,13
임상시험정보시스템에,9
임상시험정보시스템에도,6
의한,8
제출하면서,6
축적한,8
개,16
일,15
점심시간,6
없다며,10
있으나,10
현장을,8
담긴,7
상에서는,9
프로세스를,7
확대에도,7
복귀했다,19
물러났다,9
차남인,12
하향,11
주주총회를,15
사인,23
셀트리온셀트리온헬스케어셀트리온제약의,10
선임됐다,17
현,44
현안이,17
판단과,19
절실히,14
형제의,10
있다서,8
근무시간,9
준수,6
캐주얼,13
이동,6
직장인으로서,6
품격에,7
청바지,6
트레이닝,7
바지,6
후드티,6
덧신,6
양말,6
금지,8
운동화,6
단정한,7
최소한,12
정장,8
자제,8
서서,8
대기하지,8
않기,6
인터넷,6
직원들의,10
직장인,8
익명,7
사내,9
규정이,8
직원은,8
혼외자인,7
대와,22
친생자인지,16
서울가정법원,18
성남지원은,17
회장에게,30
친생자로,11
인지하라고,17
내연녀,6
실내,6
년,8
창업,8
준비를,13
아버지,17
않았다고,8
사실혼,21
선을,9
경찰에,10
고소한,10
억원을,7
주주,8
여러분께,20
심려를,19
끼쳐,19
드려,12
진심으로,16
언론에,15
진실은,13
아닐지라도,13
과거의,13
어리석고,13
행동으로,13
여러분들께,15
돌이킬,13
실망을,13
드렸다,7
질책도,13
피하지,16
겸허히,15
감수하겠다고,6
경영권,9
분쟁,9
개인의,13
지배구조에,13
셀트리온홀딩스,17
딸은,25
유류분,6
절반은,6
로슈,8
,6
임상상을,7
명,9
명을,8
위약,32
대조군,9
유의하게,9
보여,7
공시를,15
억원,17
전년동기,10
,13
케미컬,7
구두,8
포스터로,13
공개한,14
주,15
개국에서,11
당뇨병성,26
황반부종,7
명을,12
주간,11
투여군,12
그룹으로,11
베이스라인,16
,6
주차에,11
측정된,11
값의,13
평가지표로,15
측정했다,16
측정,15
는,16
정의한,17
기준인,7
,7
평가지표인,20
면역원성,20
경향성을,11
되면,12
시점에서,14
미국,6
강조한,7
시너지가,9
생길,29
없다고,10
고수익,9
증시에서,6
호실적을,16
견인했다,6
완제,7
어닝,7
사의,18
치료에서,9
측면,9
진행에,7
,6
전문가들이,12
주차까지,8
유도요법에,8
임상반응을,7
주차에,8
비율로,7
대조군으로,6
투약군이,8
우려사항도,7
발견되지,8
연말,17
것이다고,6
서원디앤디,10
추가됐다,13
난항을,7
서원디앤디는,15
대표이사로,6
,38
씨는,10
명의,7
씨의,7
관련해서는,6
사업자,9
명은,11
수원가정법원,23
성남지원에,26
친생자,20
제기했고,6
법원의,7
판단에,15
아들,22
딸이,62
범위에,7
혼외자의,13
친모,30
씨가,56
서린홀딩스,8
잘못에,11
비난의,11
화살은,11
오로지,11
저에게만,11
주셨으면,8
를,8
,9
,19
,16
트룩시마의,9
증가로,12
의,6
바이오의약품,6
증가와,10
견고한,9
회장,30
억만원으로,7
증가하면서,6
억만원으로,6
,9
순이익은,9
억만원으로,6
,11
박스터인터내셔널의,22
인수전,14
보도에,10
요구에,8
추진하지,15
결정했다고,6
답했다,7
강남경찰서에,27
주주총회에서,37
,17
사업부를,6
경험이,10
인수전에,12
사업부는,10
인수에,6
정기,44
스와핑,7
사셀트리온셀트리온헬스케어셀트리온제약,14
들어갈,9
진행한다고,6
박스터의,15
위탁생산을,6
적,7
동력을,6
언급한,8
주주총회와,17
투자해,9
검토한,10
제조사,7
억,6
마무리될,7
증권가의,6
승인,10
승인이,15
유안타증권,6
진단키트,37
컨센서스를,9
인지,15
청구,49
거래되고,15
기자간담회를,16
소식에,14
사과했다,14
사업부문,7
보도했다,9
끝까지,12
겨누어,6
환경에서도,6
묵묵히,6
임직원들에게,7
질책의,9
시선이,9
돌아가지,9
않도록,30
부디,8
너그러운,10
마음으로,10
바라봐,10
주실,7
간곡히,8
저는,6
제게,8
부여해,8
주신,8
소임을,10
수행해,10
훼손되지,11
다하고,6
인생은,6
늘,11
자세로,11
성찰하며,10
복귀해,7
돈,6
기록했다고,14
하나증권,8
진단키트,9
아일리아,7
구체적으로,9
조원을,12
제공서정진,6
성립되면서,10
법적인,6
딸로,8
뒤늦게,21
문자,6
재원을,10
전해졌다,10
재고자산,9
한국투자증권,6
현금성,9
기회가,10
분기,9
하나증권은,9
일회성,12
추세적,7
하락에,15
영향이,6
숙여,6
거듭,9
투자로,6
셀트리온,6
애널리스트는,7
제목의,8
다만,6
양육비를,13
발표는,6
밝혔다서,18
최근,9
말했다서,7
제기했다,7
노릇을,13
주장하고,9
거액을,17
자녀로,11
법원에,7
서진석,26
셀트리온셀트리온제약,9
의장과,8
서준석,31
의장,9
점유율도,7
지속하면서,6
다해,6
영업익,6
창업주인,13
법정,7
기자간담회에서,10
발언하고,12
말했다발로,8
작업도,6
힘,7
고려하고,6
공정거래법,6
재산은,7
재무제표,13
딸,7
되고,7
등재됐다,7
생활비,6
재산을,8
회장에,7
차남,18
실종됐다는,7
시간여,7
복귀가,13
실종,19
마신,6
술을,8
관계에,6
커뮤니티,8
불만을,11
소양,10
지키기,11
이제,7
지침을,12
소방수,11
정기주주총회에서,18
총수로서,11
공지,9
착용,7
비판,7
그치지,6
장남,12
법적으로,7
합병과,12
진두지휘할,8
서,18
산적한,13
일선,11
주간,10
말도,9
측이,8
물러나면서,16
그룹을,27
환경에,27
급격한,28
역할로,20
현직에,8
돌아올,12
약속한,8
복귀에,13
신속하고,11
경영진의,12
주주와,8
이사회의,23
사내이사로,24
인수합병,10
그의,7
사용되고,7
호적에는,7
,14
공동연구,15
분석까지,6
단백질이나,6
안의,6
셀트리온이,6
항체의약품,7
달성을,6
논현동,18
회장과,32
씨는,22
달에,6
월까지,6
요구하고,14
씨의,8
계열사가,6
대표,11
정밀,9
확장하게,11
하게,6
연구개발을,8
명예회장이,107
연락이,7
부사장은,12
들어가기,6
기자들이,8
모여,9
과거,12
법원,10
했지만,6
조정,17
성립에,12
친생자임을,13
성장동력을,8
계열사인,8
승계,6
,6
행사할,6
이름으로,10
사건을,19
년간,10
총수가,9
양상을,12
임원,10
합병,11
지금,8
질문에,16
송도컨벤시아에서,29
제기,34
친인척,11
,8
고소했다고,13
물러난,13
소유,9
일선으로,7
혼외,10
주주들은,30
청구한,8
자녀를,14
난,11
번도,17
본인이,9
자녀들을,10
돌보려고,14
파탄에,14
반박했다,8
불충실해,12
부친인,7
번,6
이르렀고,6
억원,6
지급했다고,7
그런데도,7
있다면서,6
실종자,6
호텔에서,9
발견된,12
판단했다,8
제가,12
그룹은,8
시일,7
항체치료제,16
컨벤시아에서,11
복귀와,9
제출을,7
주총서,6
성금을,9
성금,16
억원을,13
기탁했다고,7
성금은,6
산불로,6
구호품,8
지원과,7
복구,9
위기가정,6
용돈을,9
용돈,16
장학,12
소외계층,6
청소년,13
명을,6
중고생에게,6
약속했다,7
이재민을,6
피해지역,8
조속히,6
항암제에,13
비용종을,10
동반한,12
만성비부비동염,7
오말리주맙,6
불가리아,16
개국에서,14
명을,16
졸레어는,10
제넨테크와,6
노바티스가,6
바이오의약품으로,7
만료됐으며,10
본격화하면서,7
보여온,12
원활히,9
프롤리아,10
제넨테크와,6
노바티스가,9
는,9
결과에서,9
주까지의,14
,9
일,6
목소리가,6
,6
명예회장은,102
적힌,6
일을,7
직원들은,14
직원들을,6
은퇴를,6
서로,8
말씀을,11
이내에,6
신약과,8
창립,12
디바이스,6
배경을,6
조원,9
조억원,6
파이프라인은,6
일시,10
기,11
디지털헬스케어,13
판단,7
자격으로,8
충북지역,8
심정을,9
뭐,8
답변맞습니다,11
사실,13
그래서,6
현재는,6
끝나면,11
들어가야,7
사업도,9
일부터,6
일까지,7
부산,8
벡스코에서,8
제차,8
제차,8
대한장연구학회,9
향상을,6
일본,10
확장을,9
충남,8
주민들이,6
복귀할,8
국제학술대회에,6
의결했다고,17
마일스톤을,9
는,6
마무리,10
본다고,8
준비는,7
개월,10
일시적,16
실무,7
주간,7
주까지,7
간지럼,9
점수,6
투여군에서,6
비부비동염,7
알러지성,8
결과다셀트리온은,7
마무리하고,10
마무리해,6
리제네론이,7
습성,10
임기는,19
상황에서,7
매물이,6
내가,10
의장을,6
이사,20
신고,8
경찰,10
마포경찰서에,11
접수됐다,8
이사가,13
에,17
전화를,15
먹고,9
배터리가,6
황반부종,16
시작,11
외삽을,6
시력,8
손상의,6
신청에도,7
황반변성,6
종료될,7
중점적으로,6
내년에,8
비임상,7
이끌,6
창업주,9
위기가,15
임기로,17
공동의장,43
후보자로,23
선임,38
주주총회가,7
비율을,6
,7
행정절차가,8
유진투자증권,7
복귀는,16
수립에,6
연구팀은,7
선임했다,6
본다,6
현업에,6
주주들을,11
금융시장이,14
셀트리온홀딩스를,19
의결했다,7
합병도,7
셀트리온제약의,14
명예회장,40
이사의,14
마포서는,8
관할,7
경찰서인,7
연수경찰서에,7
연수서는,8
남동구,16
일대에서,6
구급대에,7
주주총회에,15
신경안정제를,7
사건,14
리스크를,7
필요하다고,6
필요해,15
체계도,8
신속하게,21
것이고,10
년까지,6
오너가,8
결정을,8
마련할,6
구축할,7
,7
들어온,6
,6
의약외품,15
년이다,8
경영진은,7
의사결정을,21
구체화하고,6
실행을,6
비전,6
공동의장으로서,14
리더십이,15
진출,7
지을,6
주주의,6
돌아오겠다고,8
세계가,10
직판망을,7
셀트리온셀트리온헬스케어셀트리온제약,11
주총에서,14
주주들과,8
퇴진,7
관찰하고,7
저는,7
것이다,7
하고,7
명예회장으로,8
기회는,7
소방수,9
항암제,8
면모를,7
가중되는,12
베그젤마,7
생기면,7
현직으로,12
경영진에,6
손해,7
주주는,10
주총,27
입이,11
열,11
개라도,11
말이,16
명예회장,8
등기임원으로,8
명예회장으로서,6
그룹과,6
경영진을,12
대표해서,6
보람을,8
느껴야,6
복귀하는,6
확보하는데,7
기자들과,9
사별,15
부진,6
사과의,7
안건은,8
보수한도,7
안건,6
의결,7
의장인,8
시간,11
연수경찰서,8
가족은,6
접수,13
시간여만인,6
소래포구,9
정서적,11
종결,8
역임,6
주주들의,7
복귀한다,14
정기주주총회,6
승인과,9
불확실성,10
나라도,6
합치는,7
대표해,8
주총이,7
경영에서,6
경찰은,9
이송됐다,6
경제의,13
해드려,6
서씨의,13
서씨가,7
서씨는,7
권해순,6
랩허브,15
스타트업과,6
생태계,6
극복과,7
재정비를,8
있어요,7
위기뿐,6
확정된다,8
년이,6
기점이라는,11
선임은,10
요청함에,6
추진한,14
유통망의,7
전열을,7
가다듬는데,7
선임안이,6
확정되면,7
마련하는데,6
