date,title,link,content
2023-07-23 21:07:01,"[주목! e기술] 혁신의료기기 선두주자 뉴냅스, 뇌영상검출부터 인지치료까지",https://n.news.naver.com/mnews/article/018/0005536118?sid=101,"[
			[이데일리 송영두 기자] 국내 기업이 개발한 뇌경색 발병 시각 추정 기술과 물체를 입체적으로 보는 능력인 입체시를 개선시키는 기술이 혁신의료기기로 인정받았다.최근 식품의약품안전처는 뇌경색 발병시각을 추정하는 뇌영상검출·진단보조소프트웨어’(제품명: Stroke Onset Time AI)와 저하된 입체시를 개선하는 ‘인지치료소프트웨어’(제품명: Nu.T)를 각각 제38호, 제39호 혁신의료기기로 지정했다.뉴냅스가 개발한 뇌영상검출 및 진단보조소프트웨어는 인공지능 기술로 뇌 MRI 영상을 분석하여 뇌경색 혈전용해 치료 결정에 대한 뇌경색 발병시각의 골든아워(4.5시간) 경과 여부를 추정하여 의료진의 진단결정을 보조하는 기술이다.해당 의료기기는 뇌 MRI 영상을 분석해 뇌경색 발생 후 4.5시간 이상 경과 여부를 추정, 의료진의 진단 결정을 보조한다. 작용원리는 인공지능 기술을 기반으로 뇌 MRI 영상을 분석해 뇌경색 발병시각 경과 여부 추정한다. 이는 합성곱신경망(CNN) 모델을 기반으로 하는데, 데이터의 특징을 추출・학습해 축적된 데이터를 패턴을 사용해 분류하는 딥러닝 기술이다. 패턴을 찾아 이미지를 인식하는데 유용하다.



(자료=식품의약품안전처)또한 뉴냅스가 개발한 인지치료 소프트웨어는 가상현실(VR) 기기를 이용한 시지각학습 훈련을 제공한다. 간헐외사시로 인해 저하된 입체시를 개선하는 소프트웨어로, 사용자에 맞는 시각 자극(도형의 위치와 깊이가 다름)이 제공되며 실시간으로 난이도 조절이 가능하다.간헐적외사시란 간헐적으로 눈의 검은 동자가 가운데 있지 못하고 밖으로 치우쳐진 상태를 말한다. 또한 입체시는 물체의 깊이를 지각할 수 있고 물체를 입체적으로 보는 것을 뜻한다. 작용원리는 가상현실(VR)기기를 사용해 사용자 맞춤 시각 자극을 제공, 입체시 개선한다. 시지각학습은 자극에 대한 반복적 훈련을 통해 자극에 대한 지각을 향상시켜 뇌가소성을 증진시킨다. 뉴냅스는 지난 5월에도 혁신의료기기 제품을 배출했다. 시야장애를 치료하는 VIVID Brain이 그 주인공이다. 해당 제품은 뇌 손상으로 인한 시야장애를 개선하는 제품이다. 사용자 맞춤형의 시각 자극 위치와 난이도가 적용된 시지각학습 훈련을 가상현실 기기로 제공해 뇌가소성을 증진시켜 시야장애를 개선하는 소프트웨어다. 뇌가소성이란 뇌의 기능이나 구조가 환경이나 경험에 의해 변화하는 특성을 말한다. 이 제품은 뇌 손상으로 인한 시야장애 치료에 사용하던 기존의 보완적인 보상, 대용 등 방법 대신 시지각학습 훈련으로 뇌가소성을 증진시키는 근본적 원인 해결 방법을 구현해 선행연구에서 임상적 효과를 확인했다. 확증임상시험 진행중으로 향후 뇌 손상으로 인한 시야장애 환자 치료에 도움을 줄 수 있을 것으로 기대된다.한편 식약처가 인증한 혁신의료기기는 △뷰노 안과영상검출·진단보조소프트웨어 ‘뷰노메드’ △루닛 의료영상검출·진단보조소프트웨어 루닛 인사이트 CXR △라이프시맨틱스 호흡재활소프트웨어 ‘레드필 숨튼’ 등 39개 제품이다.
]"
2023-07-23 14:50:01,"[데이터로 보는 증시]에코프로·에코프로비엠, 기관·외국인 주간 코스닥 순매수 1위(7월 17일~21일)",https://n.news.naver.com/mnews/article/011/0004217532?sid=101,"[
루닛, 개인 순매수 1위[서울경제] 코스닥지수는 21일 전주대비 38.30포인트(4.27%) 오른 934.58를 기록했다.코스닥지수는 지난 11일부터 9일 연속 상승 행진을 하면서 930을 돌파, 지난해 4월 이후 최고치를 기록했다. 코스닥은 지난 10일 860.35에서 지난 21일 934.58로 8.63% 상승했다.투자주체별로는 외국인이 한 주간(7월 17일~21일) 4056억 원어치를 순매수하면서 지수 상승을 이끌었다. 기관과 개인은 각각 1553억 원, 1002억 원어치를 순매도했다.기관은 에코프로(086520)(309억원) 와 대주전자재료(078600)(286억원), 리노공업(058470)(237억원), 이녹스첨단소재(272290)(189억원), 에스엠(041510)(164억원), 삼천당제약(000250)(153억원), 제이엘케이(322510)(136억원), 솔브레인(357780)(127억원), 심텍(222800)(122억원), 피에스케이홀딩스(031980)(110억원) 등을 순매수했다. 순매도 종목은 에코프로비엠(247540)(598억원)를 비롯해 와이랩(259억원), 센서뷰(231억원), 아프리카TV(067160)(225억원), 셀트리온헬스케어(219억원), 더블유씨피(212억원), 하나기술(299030)(206억원), 아이센스(177억원), JYP Ent.(151억원), 포스코DX(126억원) 등이다. 외국인은 에코프로비엠(5326억원)을 비롯해 에코프로(1877억원), 성우하이텍(015750)(204억원), 윤성에프앤씨(188억원), 엔켐(348370)(143억원), 필옵틱스(161580)(131억원), 이오플로우(294090)(126억원), 이녹스첨단소재(123억원), 하나기술(118억원), 에코프로에이치엔(383310)(117억원), 메디톡스(086900)(116억원), 아프리카TV(110억원), 엘앤씨바이오(290650)(109억원), 펄어비스(263750)(104억원) 등을 순매수한 반면 엘앤에프(899억원)와 루닛(709억원), 동진쎄미켐(250억원), HLB(223억원), 하나마이크론(196억원), 아이센스(185억원), 삼천당제약(180억원), 리노공업(175억원), 고영(136억원), 심텍(134억원), 동운아나텍(114억원), 루트로닉(106억원), 레이크머티리얼즈(102억원), 이루다(101억원) 등을 순매도했다.




]"
2023-07-23 09:14:02,코스닥 주간 개인 순매수 1위 '루닛',https://n.news.naver.com/mnews/article/018/0005535725?sid=101,"[




[이데일리 이은정 기자]
]"
2023-07-21 16:30:01,"[마켓뷰] 코스피, 상승 마감…2600선 회복",https://n.news.naver.com/mnews/article/366/0000918672?sid=101,"[
코스피, 외인 매도 속 개인·기관 순매수 에코프로, 52주 신고가 원·달러 환율, 전일 대비 13.5원 오른 1283.4원 마감        21일 코스피 지수는 하락 출발했으나 오후 들어 상승 전환했다. 덕분에 지수는 2600선에 올라섰다. 코스닥지수는 연중 최고치를 기록했다.이날 코스피 지수는 전날보다 9.53포인트(0.37%) 오른 2609.76에 거래를 마쳤다. 유가증권시장에서 개인과 기관은 각각 3147억원, 17억원 순매수한 반면 외국인은 3091억원 순매도했다.개인은 삼성전자(2548억원), POSCO홀딩스(1507억원), 하이브(524억원)를 중심으로, 기관은 유한양행(337억원), 삼성전자(217억원), 삼성바이오로직스(185억원)를 위주로 매수했다. 외국인은 삼성전자(2828억원), POSCO홀딩스(1409억원), SK하이닉스(284억원)를 집중적으로 팔았다.시가총액 상위 종목 중에서는 LG에너지솔루션(2.34%), 삼성바이오로직스(1.49%), LG화학(1.31%) 등이 상승 마감했으며 삼성전자(-0.99%), SK하이닉스(-1.54%), 현대차(-0.25%) 등은 하락 마감했다.코스닥 지수는 같은 기간 2.98포인트(0.32%) 상승해 934.58에 거래를 마감했다. 이는 연중 최고치다. 코스닥 시장에선 개인이 1290억원 순매수했고 기관과 외국인은 차례로 632억원, 457억원 순매도했다.개인은 루닛(948억원), 엘앤에프(414억원), 포스코DX(136억원)를 사들였다. 기관은 엘앤에프(181억원), 루닛(165억원), 에스케이증권제9호스팩(93억원)을, 외국인은 루닛(793억원), 엘앤에프(222억원), 루트로닉(124억원)을 위주로 매도했다.에코프로비엠(5.24%), 에코프로(5.54%), 셀트리온헬스케어(3.30%) 등은 상승 마감했으며 엘앤에프(-2.01%), JYP Ent.(-0.67%), HLB(-1.62%) 등은 하락 마감했다. 이날 에코프로는 한때 119만원에 거래되며 52주 신고가를 경신했다.업종별로는 철강(7.84%), 건강관리업체 및 서비스(6.46%), 무역회사와 판매업체(3.51%) 등은 상승 마감했고 해운사(-4.36%), 건강관리기술(-4.33%), 디스플레이 패널(-2.31%) 등은 하락 마감했다.김석환 미래에셋증권 연구원은 “국내 증시는 필라델피아 반도체 지수 하락 여파에 반도체주가 약세를 이어갔다”며 “개인이 2차전지주 매수를 주도하며 지수 상승을 견인했다”고 분석했다.이날 원·달러 환율은 전일 대비 13.5원 오른 1283.4원에 장을 마쳤다.
]"
2023-07-21 15:57:01,"[데이터로 보는 증시]루닛· 에코프로, 기관·외국인 코스닥 순매수 1위(7월 21일-최종치)",https://n.news.naver.com/mnews/article/011/0004217228?sid=101,"[
루닛, 개인 순매수 1위[서울경제] 21일 코스닥지수는 전일보다 3.18포인트(0.31%) 오른 934.96를 기록했다.지수는 전 거래일보다 13.09포인트(1.41%) 내린 918.51로 개장해 장중 920선이 무너지기도 했다.코스닥지수는 2021년 12월 이후 처음으로 9거래일 연속 상승을 기록했다.투자주체별로는 개인 홀로 1287억 원어치를 순매수 했으며 외국인과 기관은 각각 458억 원, 170억 원어치 매도 우위를 나타냈다.기관은 루닛(230억원)과 루트로닉(085370)(76억원) 이녹스첨단소재(272290)(73억원), 펌텍코리아(68억원), 리노공업(058470)(62억원), 셀트리온헬스케어(091990)(47억원), 에코프로에이치엔(383310)(46억원), 삼천당제약(000250)(45억원), 에이비엘바이오(298380)(33억원), 레고켐바이오(141080)(31억원) 등을 순매수했다. 순매도 상위 종목은 엘앤에프(182억원)를 비롯해 에코프로비엠(247540)(101억원), 에스케이증권제9호스팩(94억원),에코프로(086520)(63억원), 와이지엔터테인먼트(55억원), 인벤티지랩(38억원), 하나머티리얼즈(36억원) 등이다.외국인은 에코프로(1141억원)를 비롯해 에코프로비엠(927억원), 하나기술(299030)(137억원), 셀트리온헬스케어(115억원), 디오(039840)(57억원), 제이오(418550)(56억원), 엠로(058970)(51억원) 순매수한 반면 루닛(793억원)과 엘앤에프(223억원), 루트로닉(124억원), 포스코DX(101억원), 에스엠(93억원), 피엔티(80억원), 고영(72억원), 삼천당제약(67억원), 더블유씨피(58억원), 리노공업(57억원), 아이센스(51억원) 등을 순매도했다.




]"
2023-07-21 10:40:01,보호예수 풀린 루닛…4%대 '하락',https://n.news.naver.com/mnews/article/015/0004870951?sid=101,"[




사진=한경DB21일 루닛의 주가가 약세를 보이고 있다. 이날부터 의무보호예수가 해제돼 물량이 출회된 것으로 보인다.오전 10시 37분 기준 루닛은 전일 대비 7600원(4.13%) 내린 17만6400원에 거래되고 있다. 주가는 장중 17만2600원까지 떨어졌다. 루닛은 지난해 7월 코스닥에 상장해 이날 상장 1년을 맞이했다.현재 주가는 상장 당시 공모가(3만원)보다 5배 이상 올랐기 때문에 차익을 실현하려는 물량이 출회된 것으로 풀이된다. 이날 의무보호예수가 해제된 물량은 상장 약 132만주, 10.7%에 해당하는 규모다.
]"
2023-07-21 10:32:13,"루닛 ""국립경찰병원에 AI 흉부질환 진단 설루션 공급""",https://n.news.naver.com/mnews/article/001/0014082232?sid=101,"[




루닛 인사이트 CXR[루닛 제공. 재판매 및 DB 금지]    (서울=연합뉴스) 조현영 기자 = 의료 인공지능(AI) 기업 루닛은 국립경찰병원과 흉부 엑스레이 AI 영상분석 설루션 '루닛 인사이트 CXR'의 공급 계약을 했다고 21일 밝혔다.     루닛 인사이트 CXR은 AI 기술을 활용해 폐 결절, 폐 경화, 기흉 등 10가지 흉부 질환을 판독해 의료진을 보조하는 소프트웨어다.     계약에 따라 루닛은 향후 1년간 경찰병원에 제품을 공급하고 경찰병원은 응급실과 호흡기내과 등 분야의 환자 검진 과정에서 루닛의 제품을 활용해 흉부 엑스레이 영상을 판독할 예정이다.     루닛은 지난 2019년 보건소를 시작으로 국군수도병원과 연평부대 등 군 병원과 지방의료원에 의료 AI 설루션을 공급하고 있다.     김진학 경찰병원장은 ""CXR 도입으로 판독 시간 단축과 진단 정확도 향상을 통해 환자에게 더 나은 의료 서비스 제공을 기대한다""고 말했다.    서범석 루닛 대표는 ""공무원들이 안전하게 업무를 수행할 수 있도록 AI 기반의 선진화된 의료 서비스 제공에 노력하겠다""고 말했다.    hyun0@yna.co.kr
]"
2023-07-21 09:40:29,보호예수 풀리자 '매도' 폭탄…3%대 급락,https://n.news.naver.com/mnews/article/215/0001114857?sid=101,"[
루닛 전 거래일 대비 3.70% 하락주식 6.61% 우리사주 물량 매도 가능



보호예수가 해제된 루닛의 주가가 21일 장 초반 하락하고 있다.이날 오전 9시28분 코스닥 시장에서 루닛은 전 거래일 대비 3.70%(6,800원) 내린 17만7,200원에 거래되고 있다.지난해 7월 상장한 루닛은 상장 1주년을 맞아 이날부터 주식 6.61%에 해당하는 우리사주 물량을 매도할 수 있게 되면서 주가에 영향을 미치는 것으로 분석된다.
]"
2023-07-21 09:14:36,"日, 韓 화이트리스트 재지정…루닛 보호예수 해제 [이슈투데이]",https://n.news.naver.com/mnews/article/215/0001114848?sid=101,"[
			오늘 우리 주식시장에 영향을 미치는 주요 일정과 이슈 정리합니다.1. 장마·폭염에 밥상물가 '불안'…비상경제장관회의정부가 조금 전 8시부터 비상경제장관회의 겸 수출투자대책회의를 열었습니다. 지난 한달 간의 수출입동향을 점검하고 수출 활성화를 위한 정책 대응 방안을 이야기하는데요. 추경호 부총리는 이 자리에서 로보어드바이저 퇴직연금 등 혁신적 금융서비스 확대와 서비스업 디지털화를 강조했습니다.또 이번 회의에서는 집중 호우로 인한 농축산물 피해 지원과 수급 안정 방안을 논의할 예정입니다. 정부 비축 물량 방출과 가격 불안 품목의 수입 확대, 농가의 조기 출하 독려 등의 공급 확대 대책이 나올 전망입니다.한편, 한국은행이 오늘 발표한 6월 생산자물가지수는 전달에 비해 0.2% 떨어지며 세 달 연속 내림세를 유지, 이 같은 흐름이 소비자물가 안정으로 이어질지 주목됩니다.2. 日, 韓 화이트리스트 재지정…수출규제 해제일본 정부가 오늘부터 한국을 화이트리스트, 수출심사 우대국에 완전 복원할 예정입니다. 이는 약 4년 만으로, 앞선 반도체와 디스플레이 소재 3종의 수출규제 철회에 이어 한국 대상 수출규제가 모두 해제됩니다.이번 화이트리스트 복원으로 일본에서 한국에 물품을 수출하거나 기술을 제공할 때 '일반포괄허가'가 가능해집니다. 또 한국 기업이 일본에 전략물자 수출 신청할 때 심사시간이 기존 15일에서 5일로 단축되고, 개별 수출 허가 신청서류도 줄어듭니다.한편, 우려됐던 국내 소부장 기업들의 주가는 크게 흔들리지 않는 모습입니다. 에이피티씨와 동진쎄미켐, 엘오티베큠, PI첨단소재, 솔브레인 등의 주가는 수출규제 해제 발표 이후 오히려 두자릿수 상승률을 기록했습니다.3. 현대건설 실적 발표…""해외 수주가 견인""국내 건설업계의 맏형인 현대건설이 올해 2분기 실적을 발표합니다. 증권가에서는 영업이익은 7% 늘어난 1879억원, 매출액은 지난해보다 15% 가량 증가한 6조3천억원에 육박할 것으로 전망하고 있습니다.올 상반기 주택 분양 물량이 적어 국내 사업은 부진했지만, 지난달 사우디아라비아에서 최대 규모의 석유화학플랜트 건설사업을 수주하는 등 해외에서 10조원 이상의 신규 수주를 달성한 것이 실적을 견인했다는 설명입니다.하반기 수주 전망도 밝습니다. 현대건설이 삼성물산과 손잡고 입찰에 참여한 사우디 네옴시티 터널 패키지에 대한 결과가 나올 예정이고, 최근 MOU를 체결한 우크라이나 재건사업까지 더하면 올해 역대 최고 수준의 해외 수주 성과를 낼 수 있을 것이란 기대입니다.4. 루닛 보호예수 해제…차익 실현 매물 출회 주목의료 인공지능 기업 루닛의 의무보호예수가 해제됩니다. 상장 1년이 지나서 나오는 물량으로, 약 132만여주, 10.7%에 해당하는 규모입니다.루닛의 주가는 상장 당시보다 5배 이상 오른 상황이라 차익 실현 가능성이 높습니다만, 증권가에선 루닛 목표 주가를 20만원으로 제시하는 등 앞으로 성장성에 주목하고 있어, 오버행 부담이 해소된 뒤 주가 상승에 더 탄력이 붙을 수 있다는 분석도 나옵니다.지금까지 오늘 주요 일정과 이슈 전해드렸습니다.
		]"
2023-07-21 09:11:04,"[특징주]'보호예수 해제' 루닛, 3%대 하락",https://n.news.naver.com/mnews/article/018/0005534794?sid=101,"[
			[이데일리 김보겸 기자] 루닛(328130) 주가가 21일 장 초반 하락세다. 마켓포인트에 따르면 오전 9시8분 루닛 주가는 전거래일 대비 2.88%(5200원) 내린 17만8800원에 거래되고 있다. 이날 주가는 개장과 동시에 하락해 3% 넘게 떨어졌다. 상장 1년을 맞으며 우리사주 보호예수가 해제된 영향으로 풀이된다. 작년 7월 상장한 루닛 주식 6.61%에 해당하는 물량이 이날부터 매도할 수 있게 됐기 때문이다. 




]"
2023-07-21 05:03:00,'제2의 루닛' 미래에셋증권이 발굴해낸 스몰캡株 들여다봤더니,https://n.news.naver.com/mnews/article/008/0004915030?sid=101,"[
[2023년 상반기 베스트리포트] 베스트 스몰캡 하우스-서철수 미래에셋증권 리서치센터장 인터뷰



서철수 미래에셋증권 리서치센터장/사진=미래에셋증권 제공머니투데이가 주최하고 금융감독원, 한국거래소, 금융투자협회가 후원하는 2023년 상반기 베스트리포트 심사결과 베스트 스몰캡 하우스로 미래에셋증권 리서치센터가 선정됐다.베스트 스몰캡하우스는 시가총액 1조원 미만 중소형주 분석 성과가 좋은 하우스에 주어지는 상이다. 미래에셋증권은 상반기에 총 55개의 스몰캡 보고서를 발간했는데, 리포트가 나간 후 주가가 평균 21.55% 상승하는 등 증권업계 최상위 성적을 거뒀다. 국내 증권사들은 스몰캡팀을 따로 구성해 운영하고 있지만 미래에셋증권은 특이하게도 별도의 팀을 두고 있지 않다. 서철수 미래에셋증권 리서치센터 센터장은 ""센터 내 모든 애널리스트가 기업의 크기를 막론하고 산업의 변화를 빠르게 파악하는 데 힘쓰고 있어 별도로 스몰캡 팀을 꾸리진 않았다""며 ""애널리스트들이 신성장동력이 될 만한 혁신기업들을 초기 단계부터 찾아내는 노력을 기울이는 게 미래에셋증권만의 차별화된 노하우""라고 강조했다. 서 센터장은 ""시류에 따라 부상하는 산업과 종목을 다루다가 시들해지면 (분석을) 소홀히 하는 경우가 더러 있지만 미래에셋증권은 혁신산업을 바텀업(Bottom-Up) 관점에서 담당 애널리스트들이 지속적으로 분석하고 있다는 게 특징""이라며 ""이차전지와 같은 성장산업의 경우 세부적으로 부품, 장비를 전담하는 애널리스트를 따로 두고 있다""고 말했다.그는 소속 애널리스트들이 알짜 중소형 기업 발굴을 목적으로 하기보다 신산업의 초기 단계를 빠르게 파악하고 혁신 기업을 찾아다는 데에 주력하고 있다고 말한다. 그러면서 글로벌 경제가 빠르게 변화하는 걸 고려해 해외 산업 발전 트렌드를 최우선으로 따라가고 있다고 덧붙였다. 이런 노력 덕에 미래에셋증권은 소외된 진주같은 주식을 발굴하는 실력이 탁월하다는 평가를 받아왔다. 서 센터장은 ""신산업은 글로벌 트렌드나 신기술이 국내에 유입되면서 활발해지므로 해외 정보와 비즈니스 동향을 제대로 적시에 파악하려고 노력한다""고 했다.최근 증시에서 AI(인공지능), 로봇 업종의 주가가 미래 유망산업으로 주목받으며 급등했다. 의료 AI 업체인 루닛은 올들어 490% 정도 뛰면서 시장을 놀라게 했다. 서 센터장은 반도체, 이차전지, 방산 등에서도 새로운 투자 기회를 엿볼 수 있다고 말했다.그는 ""단기적으로 이차전지, 엔터테인먼트 업종과 같이 꾸준한 실적이 뒷받침되는 업종이 좋을 것이나 향후엔 반도체와 이차전지 밸류체인(가치사슬) 내에서 부품, 장비 관련 산업의 성장성에 주목할 필요가 있다""며 ""가성비가 좋다고 평가받는 한국의 방위·우주항공산업도 기대된다""고 말했다.미래 성장산업의 경우 기술적인 측면에서 뛰어나나 아직 수익성이 증명되지 않은 경우도 많다. 의료 AI 기업들의 경우 현재 적자 상태인 경우가 대부분이다. 서 센터장은 미래 현금을 창출할 수 있는 기업들을 잘 선별해 투자하는 게 현명한 방법이라고 조언했다.그는 ""(종목 발굴 시) 펀딩 등 재무제표 안정성 등도 따져봐야겠지만 근본적으로 그러한 자금 조달을 끌어낼 수 있는 그 기업만의 기술적 혹은 비즈니스적인 강점이 있는가를 충분히 확인하고 투자에 나서야 한다""고 했다.이어 ""미래가 유망한 신성장 산업에 투자하는 게 바람직하나 산업 성장 사이클 특성상 개별 기업에 집중하는 건 위험할 수 있으므로 테마형 ETF(상장지수펀드) 등과 같이 전체 산업에 투자하는 게 더 안전하면서도 좋은 수익을 얻을 수 있다""고 덧붙였다.
]"
2023-07-20 17:21:41,"""루닛, AI로 디지털 병리 '붐' 일으켜달라"" 의사들 손 내민 까닭",https://n.news.naver.com/mnews/article/008/0004914918?sid=101,"[
[박정렬의 신의료인]



지난 19일 서울 강남구 루닛 본사에서 '디지털병리, 대한민국 암관리에 앞장섭니다'를 주제로 학계와 산업계가 모여 국내 디지털병리 활성화를 위한 개선방안을 논의하는 정책간담회가 진행됐다. /사진=박정렬 기자""디지털 병리가 확산하려면 수가(비용) 보전이 조금이라도 돼야 한다. 루닛이 혁신 의료기기 통합심사에 적극적으로 나설 수는 없나""정찬권 대한병리학회 디지털병리연구회 대표(서울성모병원 병리과 교수)는 19일 학회와 한국의료기기산업협회가 한국로슈진단의 후원으로 개최한 '국내 디지털 병리 활성화를 위한 정책간담회'에서 패널토론에 동석한 팽경현 루닛 이사에게 수익화에 대한 '답답함'을 토로했다. 정 대표는 ""디지털 병리는 피할 수 없는 흐름이지만 도입에 따른 추가적인 이득이 없어 병원에서 투자하지 않는다""며 ""디지털 전환의 효용성을 '맛'이라도 볼 수 있게 혁신의료기술로 비급여 적용 사례를 만드는 등 다각적인 접근이 필요하다""고 성토했다.디지털 병리는 ①디지털 스캐너를 이용해 ②병리학적 슬라이드를 디지털 이미지로 변환한 후 ③저장하고 ④이를 진단과 교육, 연구에 활용하는 것을 말한다. 과도한 업무에 허덕이는 의사, 자신의 '건강 기록'을 보유·공유하고 싶은 환자, 기술 고도화로 새 시장을 창출하려는 기업 모두에게 이로운 기술로 평가된다. 특히, 환자에게 돌아가는 이익이 크다는 게 학계의 판단이다. 이날 정책간담회에 참석한 이경분 서울대병원 병리과 교수는 ""만약 암 환자가 완치 후 10~20년이 지나 새롭게 암에 걸렸을 때, 슬라이드는 사라지지만 디지털 기록은 남아 원발·재발암 여부를 손쉽게 확인하고 이를 통해 맞춤 치료 계획을 수립할 수 있다""며 ""여러 의사가 결과 분석에 참여할 수 있어 검사 시간이 12시간 이상 단축되고(한국보건의료연구원, 2022) 병원 간 자료 공유도 간편해 중복 검사 비율도 낮출 수 있다""고 강조했다.의사 역시 디지털화된 정보를 통해 더욱 정확한 진단과 분석이 가능해진다. 업무량도 줄일 수 있어 서울대병원조차 전공의를 100% 채우지 못하는 '비인기과'의 설움을 해소할 기술로 비친다. 정 대표는 ""병리 판독은 한 케이스가 한 장의 슬라이드로 끝나지 않는다. 암은 한 개라도 이를 작게 잘라 여러 장으로 만들고, 눈으로 하나씩 본 다음 결과를 종합하는 반복 노동이 요구된다""면서 ""디지털화하면 수많은 슬라이드를 한 화면에서 비교할 수 있고 AI도 활용할 수 있어서 훨씬 편리하면서도 정확하고, 효율적인 진단이 가능하다""고 설명했다. 



(사진 왼쪽부터) 딥바이오 곽태영 이사, 루닛 팽경현 이사, 한국로슈진단 김형주 전무, 대한병리학회 디지털병리 연구회 정찬권 대표, 대한병리학회 이경분 정보이사가 19일 국내 디지털병리 활성화를 위한 정책간담회에서 패널 토론을 진행하고 있다. 오른쪽에 좌장을 맡은 대한병리학회 한혜승 이사장과 SBS 조동찬 기자가 배석해있다. /사진=한국로슈진단AI는 의사의 판독을 보조하는 데서 나아가 새로운 진단 영역을 개척할 '무기'로도 주목받는다. 팽 이사는 ""AI를 적용한 디지털 병리는 환자 예후를 예측할 수 있는 새로운 '바이오 마커'(생체 표지자) 발견에 기여할 수 있다""고 말했다. 암 주변의 면역세포 변화 등 미세환경 변화를 분석해 면역항암제에 반응률을 평가하거나, 단백질 발현율처럼 눈으로 봐서는 알기 힘든 정보를 AI로 발굴해 새로운 '진단 기준'으로 활용하는 식이다. 팽 이사는 ""디지털 병리의 임상 도입을 위한 장벽을 허물기 위해서는 추가적인 가치 창출이 필요하며 AI 기술은 이에 기여할 수 있다""고 강조했다. 현재 루닛은 디지털 병리 AI 기술의 혁신의료기기 통합심사를 추진하고 있다고 전했다.장점은 이처럼 다양하지만, 문제는 역시 비용이다. 유리 슬라이드를 디지털 이미지로 변환하는 디지털 병리 슬라이드 스캐너, 이를 분석할 소프트웨어와 저장용 서버, 병원 간의 의료 데이터 공유를 위한 클라우드 구축 등에 수억원을 투자해야 한다. 조직 슬라이드 영상 하나당 사이즈가 영화 한 편 크기(3~5기가바이트) 정도인데 병리 검사 건수는 연간 2000만 건 이상으로 유지 비용 역시 만만치 않다. 김형주 한국로슈진단 전무는 ""디지털 병리 도입 문턱을 낮추기 위해 넷플릭스와 같은 '구독 모델'을 도입해 병원의 요구에 따라 훨씬 적은 비용으로 기술을 활용할 수 있게 돕고 있다""며 ""오픈 API(응용프로그램인터페이스)라 루닛 등의 AI 알고리즘을 장착해 해외 병원 등에서도 활용할 수 있다""고 전했다.이번 정책간담회 좌장을 맡은 한혜승 대한병리학회  이사장(건국대병원 병리과 교수)은 ""디지털 병리의 영향력이 나날이 커져 선택이 아닌 필수가 되어 가고 있지만 고가의 초기비용과 수가 등 해결해야 할 현실적인 과제들이 남아있다""며 ""이번 간담회를 첫걸음으로 환자 맞춤형 의료서비스를 위한 보험수가 제정 등 제도적 환경을 조성하는 데 최선을 다하겠다""고 말했다.
]"
2023-07-20 16:52:01,에코프로 부럽지 않은 투자자들…이들이 찜한 종목은? [개미가 궁금해],https://n.news.naver.com/mnews/article/374/0000344326?sid=101,"[




[에코프로 주가 추이. (자료=네이버 증권)]얼마 전 코스닥 시장에서 16년 만에 '황제주'가 탄생했죠. 올해 들어 주가가 무려 916%가량 뛴 2차전지 대장주 에코프로가 그 주인공인데요.에코프로의 거침없는 질주에 일찌감치 올라탄 개인 투자자들은 저마다 주식 종목 토론방에 '요즘 정말 에코프로 때문에 기분이 좋다', '100만원 간다는 얘기가 진짜였다', '퇴사욕구가 치솟는다' 등의 글을 잇달아 올리며 환호성을 지르고 있습니다. 특히, 에코프로가 장중 처음으로 100만원선을 넘어선 지난 10일에는 한 투자자가 수익률 3056.74%를 인증하며 온라인상에서 큰 화제를 모았는데요.이 투자자는 자신의 주식매매 화면을 올리며 58억3천만원 규모의 수익금을 공개하기도 했습니다. 



[에코프로 투자로 58억여원의 수익을 올렸다는 인증글. (자료=인터넷 커뮤니티)]반면, 에코프로에 투자하지 않았던 개인 투자자들은 상대적 박탈감을 호소하며 포모(FOMO·흐름을 놓치거나 소외되는 것에 대한 불안 증상) 증후군에 시달리는 모습을 보이기도 했는데요. 그럼에도 불구하고 대다수 개인 투자자들은 국내 증시에서 에코프로 같은 숨은 진주를 찾기 위한 노력을 게을리하지 않았습니다.에코프로처럼 드라마틱한 상승률을 보이지는 않았지만 기업 가치를 재조명받으며 주가가 2~3배 넘게 오른 종목들을 찾아 계좌 수익을 불렸는데요.황제주 투자 기회를 놓친 것을 아쉬워하지 않고 적극적으로 종목 발굴에 나선 겁니다. 그렇다면 소위 남부럽지 않게 오른 주식들은 대체 어떤 종목들인지 하나씩 살펴보겠습니다. 에코프로 다음은 포스코그룹주…2차전지 소재기업 탈바꿈 성공



먼저 2차전지 관련주입니다. 지금 시장의 반등을 견인하고 있는 주도 업종이 무엇인지 주목한 투자자들은 2차전지에서 투자 기회를 계속 찾았는데요.반도체·자동차와 더불어 2차전지 산업에 대한 긍정적인 전망에 주목하며 에코프로처럼 강력한 경쟁 우위를 확보한 기업으로 포스코 그룹주를 꼽았습니다. 특히, 그룹 차원에서 사업 포트폴리오를 철강에서 2차전지로 바꾸면서 올들어 포스코 그룹주의 상승세는 두드러진 모습이었는데요.POSCO홀딩스가 연초 이후 80% 넘게 오르며 최근 52주 신고가를 경신했고 포스코DX, 포스코엠텍은 300% 넘게 상승했습니다. 포스코인터내셔널, 포스코퓨처엠, 포스코스틸리온도 나란히 100% 넘게 올랐습니다.POSCO홀딩스가 지난 11일 열린 '2차전지 소재 사업 밸류데이'에서 완성 배터리만 제외하고 배터리 원료부터 핵심 소재에까지 이르는 밸류체인을 구축해 2030년까지 2차전지 소재 사업에서만 62조원의 매출을 올리겠다고 밝혔듯이, 투자자들도 주력 사업을 바꿔가며 경쟁 우위를 확보한 포스코그룹의 미래에 베팅한 겁니다.'엔비디아 수혜주' SK하이닉스·한미반도체·이수페타시스 주목  



생성형 인공지능(AI) 최대 수혜 기업으로 평가받는 미국의 반도체기업 엔비디아의 높은 성장성에 주목한 개인 투자자들도 적지 않은 수익을 거뒀습니다. 오픈AI의 챗GPT 흥행에 이어 미국 엔비디아가 전세계 반도체 상장사로는 처음으로 시가총액 1조달러(약 1300조원)를 돌파한 것이 이를 증명하고 있는데요. 초거대 AI 시대가 본격적으로 열리고 그래픽처리장치(GPU)·고대역폭메모리(HBM) 등 고성능 반도체 수요가 증가하면서 AI 반도체 공급망에 올라탄 국내 기업들이 기업가치를 재평가받으며 주가 역시 가파르게 올랐습니다. 삼성전자와 더불어 국내 반도체 기업 쌍두마차인 SK하이닉스가 대표적인데요. AI에 필요한 반도체로 HBM을 빼놓을 수 없는데, 엔비디아 GPU 제품에 SK하이닉스가 HBM3를 공급하고 있기 때문입니다. HBM은 여러 개의 D램을 수직으로 연결해 기존 D램보다 데이터 처리 속도를 혁신적으로 끌어올린 고성능 제품으로, HBM3는 1세대(HBM), 2세대(HBM2), 3세대(HBM2E)에 이은 4세대 제품입니다.SK하이닉스의 이같은 경쟁력이 부각되면서 8만~9만원대의 박스권을 맴돌던 주가가 5월 이후 점차 반등하며 지난달 중순 52주 신고가를 경신했고 이달 중순까지 11만원선을 유지하고 있습니다. 불과 6개월 전만 해도 '아직 바닥이 멀었다'던 SK하이닉스 주가가 반년 만에 50% 넘게 오르며 고공 행진한 이유를 HBM 하나로 설명할 수 있는 셈입니다. 엔비디아발 수혜는 SK하이닉스에 그치지 않았는데요. AI 반도체 핵심 부품인 HBM이 여러 칩을 접합해 만드는 구조라 본딩(접합) 장비 수요가 덩달아 늘 것이라는 기대감에 HBM을 붙여주는 본딩 장비 제조사인 한미반도체가 연초 이후 330% 넘게 주가가 급등했습니다.또 구글·엔비디아·마이크로소프트(MS)에 AI 반도체용 기판을 납품하는 이수페타시스, 반도체 후공정 표면처리 전문장비 기업인 피에스케이홀딩스, 반도체·디스플레이용 화학약품 공급 장비 기업인 에스티아이 등도 최근 한달 사이에 주가가 100% 안팎 올랐습니다.  기본 500% 상승…의료 AI 기업 뷰노·루닛 등



의료 분야에 AI 기술을 접목한 상장 기업들도 주가 상승률만 놓고 보면 에코프로 못지 않게 오른 것으로 나타났습니다. 치매·뇌질환 등을 조기 진단하는 AI를 개발해 국내외 병원과 기업 등에 공급하고 있는 AI 진단 기업 뷰노의 주가는 올해 초와 비교해 500% 넘게 상승했는데요.의료 현장에서 AI 진단 기술력에 대한 입소문이 퍼지면서 매출이 가파르게 늘고 있어서입니다. 증권가도 뷰노의 이러한 성장세에 주목하고 있습니다. AI 기술을 통해 항암치료 확률을 예측하거나, 적절한 치료법을 제안하는 등 암 진단·치료에 특화된 AI 기술을 보유한 루닛도 개인 투자자들의 관심을 한 몸에 받았던 회사인데요. 루닛이 자체 개발한 인공지능과 빅데이터 기반 암 진단 솔루션의 진단 알고리즘은 비교적 높은 정확도를 바탕으로 국내외 업계에서 호평을 받고 있습니다.이를 토대로 2019년 후지필름, 2020년 필립스, 2021년 GE헬스케어와 독점 파트너십을 맺고 해외 시장에 적극 진출하며 작년 말 2만원대였던 주가는 불과 반년 만에 20만원대로 치솟았습니다. 증권가는 루닛이 최근 일본시장에서 보험급여 가산대상으로 인증받았고, 유럽에서 유방암 판독보조 솔루션 공급계약을 체결하며 의료 AI 시장 내 강자로 완전히 자리매김했다고 평가했습니다. 진주 찾아 나선 개미들…車 부품주·반도체 소부장 주목 올해 기록적인 수익률을 보이며 증시를 뒤흔든 에코프로를 필두로 투자자들에게 큰 수익을 안긴 종목들을 개략적으로 살펴봤는데요. 증권가는 이들 종목을 놓치고 안타까워 하는 개인 투자자들이 많지만 아직 빛을 보지 못한 알짜 투자처가 많다고 조언합니다.현 시점에서 고점 매수보다 개인 투자자들이 가격 부담 없이 비교적 쉽게 접근할 수 있는 알짜 스몰캡(Smll-cap) 종목들을 잘 선점해 최소 한 달 이상만 갖고 있어도 높은 수익을 거둘 수 있다는 평이 많은데요.  주요 증권사 리서치센터 연구원들은 암울한 경기를 역주행하며 역대급 호황을 누리는 완성차 업계의 수혜를 톡톡히 누리는 자동차 부품주와 경기의 가늠자 역할을 하는 반도체 업황을 감안할 때 바닥을 다지며 올라갈 채비를 마친 반도체 소부장(소재·부품·장비) 관련 종목에 주목할 필요가 있다고 전했습니다. 먼저 증권가는 자동차 부품주의 성장 근거로 현대·기아차의 글로벌 공장 가동률 상승, 주요 신차 판매의 호조, 물류비 절감에 따른 영업비용 축소를 꼽고 있는데요. 이상현 IBK투자증권 연구원은 ""현대차와 기아의 도매 판매 증가와 GM 등 북미업체들의 공급난 이슈가 완화되면서 (부품업체의) 가동률 상승효과가 이어질 것으로 보인다""며 ""국내 자동차 기업의 타깃 지역이 러시아-우크라이나 전쟁 영향에서 벗어날 조짐을 보이는 유럽과 SUV 모델 중심 인도와 미국 시장 등으로 확장되고 있다는 점도 긍정적""이라고 평가했습니다. 반도체 소부장주와 관련해서는 지난해부터 이어진 반도체 한파가 조만간 끝날 조짐을 보이고 있고, 앞서 언급한 AI 등 미래 수요에 대비해 올 하반기부터 투자·증설을 진행하며 공급망 정상화가 가능할 것으로 예상된다고 내다봤습니다. 김동원 KB증권 연구원은 ""최근 1년간 D램, 낸드 가격이 80% 하락해 원가 수준까지 도달했다""며 ""3분기에는 메모리 가격 하락 폭이 축소되고 4분기 들어 D램과 낸드 가격도 상승세로 돌아서는 동시에 업황 회복에 맞춰 미래수요 선점 위한 투자도 가시화될 것으로보여 경쟁력을 갖춘 소부장 기업을 중심으로 조만간 유의미한 반등 흐름을 보일 것""이라고 전망했습니다.당신의 제보가 뉴스로 만들어집니다.SBS Biz는 여러분의 제보를 기다리고 있습니다.홈페이지 = https://url.kr/9pghjn
]"
2023-07-19 18:09:01,디지털 병리 활성화 될까... 정책간담회 열려,https://n.news.naver.com/mnews/article/346/0000062966?sid=103,"[




사진=클립아트코리아#40대에 유방암 수술을, 10년 전엔 위암 수술을 받았지만, 다행히 조기에 발견해 큰 문제 없이 일상생활을 유지하던 A씨(70)는 최근 지금까지 다녔던 병원을 찾아다니고 있다. 갑자기 살이 빠져 검진받았더니 다발성 간 전이 결절을 진단받았기 때문이다.간 전이 결절이 유방암으로 비롯된 것인지, 위암으로 비롯된 것인지 확인하기 위해 30년, 10년 전에 암 치료 목적으로 방문했던 모든 의료기관을 찾아가 검사 병리 슬라이드를 받아야만 했다. 모든 자료가 디지털화돼 있다면, 동의서만 작성해 온라인을 처리할 수 있는 작업이다.대한병리학회와 한국의료기기산업협회가 '디지털병리, 대한민국 암관리에 앞장섭니다'를 주제로 국내 디지털병리 활성화 정책간담회를 19일 개최했다.이번 정책간담회에서는 A씨와 같은 사례를 줄이기 위해 학계와 산업계가 모여 국내 디지털병리 활성화를 위한 개선방안을 논의했다.병리학은 환자를 진단하고 예후와 치료 반응을 예측하는 과목으로, 병리과 의사는 검사 결과를 현미경 등으로 살펴보고 판단한다. 디지털병리란 병리학적 결과물을 디지털 스캐너를 이용해 디지털 이미지로 변환해 저장하고, 그 이미지를 진단에 사용하는 것을 말한다. 디지털병리가 실현되면 의료환경을 효율적으로 개선해 의료 질을 향상하고, 인공지능 기반의 기술 혁신으로 환자 맞춤 치료 실현의 초석 역할도 기대할 수 있을 것으로 기대된다.한국의료기기산업협회 유철욱 회장은 ""국내 암 발생률이 증가하고 있는 가운데, 암 치료의 출발점이 되는 병리진단은 선진국에 비해 디지털화 속도가 미진하고 여전히 미흡한 영역으로 남아있다""며 ""간담회로 디지털병리가 환자 치료에 적극 활용될 수 있는 토대가 되고 정부, 병의료계, 산업계 등 여러 이해당사자 모두의 관심이 높아지는 계기가 되기를 기대한다""고 말했다.



한국의료기기산업협회 유철욱 회장이 간담회 인사말을 하고 있다./사진=이슬비 기자이날 간담회에서는 ▲병리진단, 디지털 전환이 답이다(대한병리학회 이경분 정보이사) ▲디지털병리, 가장 먼저 고려할 것은?(대한병리학회 디지털병리연구회 정찬권 대표) ▲디지털병리, 인공지능을 만나다(루닛 팽경현 이사)의 발표가 이어졌다.이경분 교수는 디지털 병리의 필요성에 대해 발표했다. 이경분 교수는 ""면역조직화학 검사를 통한 단백질 검사, 유전자 검사가 암 진단과 정밀 의료에 필수 검사법이 되고 있는 상황에서 디지털병리는 꼭 필요하다""라며 ""디지털 병리는 장소와 시간에 제약 없이 접근 가능해 검사 시간을 단축할 수 있고 보관도 용이해 유리 슬라이드를 대치할 수 있는 탁월한 방법""이라고 했다. 우리나라는 기관 간 환자 이동이 자유로워 디지털병리로 자료 공유화까지 된다면 환자의 의료 기관 이용 비용과 시간을 줄일 수 있을 것으로 기대된다. 이경분 교수는 ""여러 기관이 함께 도입해 정보 공유 플랫폼이 갖춰진다면 환자 개인의 의료 정보 가치를 높여 우리나라 사망 원인 1위인 암의 치료와 관리에 변화를 가져올 것""이라고 말했다.이어 정찬권 교수는 디지털병리의 국내 현 상황과 한계점을 설명했다. 정찬권 교수는 ""디지털병리 시스템 구축과 도입을 위한 제도적 지원이 필요하다""며 ""디지털병리 도입을 위해 장비 설치, 병리검사실과의 원활한 전산시스템 연동, 병원 간의 의료 데이터 활용을 위한 클라우드 구축 등이 필요하지만 국내에서는 적절한 보상 체계가 없어 디지털병리 시스템 도입이 어렵고 도입한 병원도 유지와 보수에 어려움을 겪고 있다""고 했다. 실제로 국내에서는 2019년 디지털병리 진단 시스템이 대형병원을 중심으로 도입되기 시작했지만, 아직 시스템이 충분히 갖춰지지 않은 상태에서 일부만 디지털병리로 전환되는 경우가 많은 상황이다. 정찬권 교수는 ""정부 차원에서의 의료 보험수가 체계 개선과 데이터 저장·공유 방식을 개선할 수 있는 제도적 뒷받침이 마련돼야 한다""고 했다.루닛 팽경현 이사는 디지털 병리 효율성을 높이는 방법으로 인공지능을 꼽았다. 팽경현 이사는 ""디지털 병리를 임상 도입이라는 장벽을 허물려면 추가적인 가치 창출이 필요한데, 인공지능 기술이 여기에 기여할 수 있을 것으로 본다""며 ""여러 연구를 통해 인공지능 기술을 도입했을 때 병리학자 간 판독 불일치율을 감소시키고, 효율성은 높일 수 있는 것으로 확인됐다""고 했다. 최근에는 디지털 병리 데이터를 인공지능으로 해석해 새로운 진단 바이오마커를 발견하려는 시도도 진행되고 있다. 팽경현 이사는 ""바이오마커 기반 맞춤형 치료로 환자의 생존율을 향상 시킬 수 있을 것으로 기대한다""고 했다.정책간담회 좌장을 맡은 대한병리학회 한혜승 이사장은 ""디지털병리는 작업 효율성을 개선하고 업무 소요 시간을 단축시킬 뿐 아니라 데이터베이스 구축과 알고리즘 기반 이미지 분석, 전문가 집단 정보공유 등이 원활하게 이루어질 수 있도록 돕는다""며 ""디지털병리의 영향력이 나날이 커져 선택이 아닌 필수가 되어 가고 있지만 고가의 초기비용과 수가 등 해결해야 할 현실적인 과제들이 남아있는데, 이번 간담회를 첫걸음으로 환자 맞춤형 의료서비스를 위한 보험수가 제정 등 제도적 환경을 조성하는 데 최선을 다하겠다""고 말했다.이후 패널 토론에서는 주제 발표를 진행한 이경분 교수, 정찬권 교수, 팽경현 이사와 한국로슈진단 김형주 전무, 딥바이오 곽태영 이사가 패널로 참석해 의견을 나누었다.토론에서 한국로슈진단 김형주 전무는 ""디지털병리 도입 촉진을 위해 업계에서도 다양한 시도를 하고 있다""며 ""한국로슈진단은 실제 병리검사실에서의 디지털병리 도입 문턱을 낮추기 위해 구독모델을 국내에 도입했고, 자체 디지털병리 AI 알고리즘 개발은 물론 국내 AI 알고리즘 회사들의 해외 진출 지원을 위해서도 노력하고 있다""고 했다.
]"
2023-07-19 16:54:13,루닛 이어 프레스티지도 합류 소식에 상한가…美 '캔서문샷' 뭐길래,https://n.news.naver.com/mnews/article/008/0004914329?sid=101,"[
주가 하루새 30% 넘게 뛰어""진단→치료 '췌장암 치료 생태계' 점수""PBP1510, 5월 환자 투약…""이르면 연말 가속심사 신청""항체 바이오의약품 전문기업 프레스티지바이오파마 주가가 미국 정부가 추진하는 암 정복 프로젝트 '캔서문샷'(Cancer Moonshot·암 관련 혁신적 계획) 합류 소식이 알려진 뒤 급등하고 있다. 앞서 의료AI(인공지능) 기업 루닛이 받았던 관심이다. 이 프로젝트 합류가 미국 시장 진출 등에 도움을 줄 수 있단 기대가 반영된 결과로 보인다.  



 19일 증시에서 프레스티지바이오파마는 전일 대비 5.92% 오른 1만2530원에 장을 마쳤다. 이 회사는 지난 18일에도 종가가 1만3090원으로 전일 대비 30% 올랐다. 이달 8000~9000원대에 머무는 주가 흐름을 보이다 18일 1만원대로 올라선 뒤 2일 연속 상승세를 이어간 것이다. 조 바이든 미국 대통령이 추진하는 암 정복 프로젝트 '캔서문샷'에 참여하게 됐다는 소식이 알려진 영향이다. '캔서문샷'은 바이든 대통령이 향후 25년간 암으로 인한 사망률을 최소 50% 줄이고, 암을 앓고 생존하는 사람과 가족의 경험을 개선해 암을 종식시키겠단 목표 하에 강하게 추진 중인 프로젝트다. 미국의 암 연구소인 모핏 암 센터와 디지털의학학회가 설립한 '캔서X'가 주관하고 있다. △암 예방 △암 조기 발견 △효과적인 치료법 개발 △불평등 해소 △최적의 관리 △모든 관계자 참여 △최대한의 데이터 활용 △인력 최적화 등 달성이 목표다. 즉 암 예방부터 진단, 치료 전 영역을 관리하겠단 방침이다. 이를 위해 미 정부에선 캔서문샷 프로젝트에 연 18억달러(총 2조2000억원)를 투자하겠다고 예고했다. 캔서X는 지난달 창립멤버 92개사를 공개하며 캔서문샷 프로젝트 출범을 공식화했다. 여기에는 국내 기업인 루닛을 포함해 존슨앤존슨, 제넨텍, 인텔 등이 이름을 올렸다. 이후에도 프로젝트에 참여하는 멤버를 늘리기 위해 지속적으로 대상을 모색해온 것으로 알려졌다. 기준은 △경제적 지원 △데이터 공유 △멘토링 △임상 구현 기회 등 4가지 부문에서 협력할 수 있는 대상인지 여부다. 이러한 캔서문샷 참여 멤버는 운영위원회가 설치되기 전까지 추가될 가능성이 있다. 캔서X 측에서도 캔서문샷의 구체적인 운영 방향 관련해 ""가까운 미래에 운영위원회가 구성되면 공지하겠다""고 밝힌 것으로 알려졌다.   프레스티지바이오파마는 4가지 부문 중 멘토링, 임상 구현 부분 협력을 위한 멤버로 추가 선정됐다는 전언이다. 프레스티지바이오파마 관계자는 ""바이오 USA에서 진단(진단키트)부터 치료(치료제)까지 자사가 구축한 '췌장암 치료 생태계'를 홍보했다""며 ""캔서X 측에서 이를 긍정적으로 본 것 같다""고 말했다. 이어 ""특히 췌장암은 발견이 늦은 탓에 빨리 발견하는 게 중요한 질환인데 자사가 세계 최초로 췌장암 진단키트(혈액 검출)를 개발하고 가출원한 상태란 점이 높은 평가를 받은 것으로 안다""며 ""자사의 췌장암 항체신약 PBP1510도 지난 3월 미국 FDA(식품의약국) 패스트트랙 품목으로 지정되고 5월에는 첫 환자 투약을 시작하는 등 성과를 내고 있는 점도 긍정적으로 평가됐다""고 설명했다.  프레스티지바이오파마는 캔서문샷 멤버란 상징성을 발판삼아 췌장암 진단키트를 신속히 상용화할 수 있는 홍보 기회로 삼겠단 전략이다. 또한 탄탄한 네트워킹을 기반으로 PBP1510 상용화에도 속도를 낼 계획이다. 프레스티지바이오파마 관계자는 ""PBP1510 임상에서 유효한 데이터가 나오는 즉시 FDA에 가속승인 심사를 신청하겠단 계획""이라며 ""이르면 연말께 가능할 것""이라고 했다. 나아가 췌장암 예방목적 요법까지 췌장암 치료 생태계 내에서 다양한 연구를 진행하기로 했다.
]"
2023-07-19 15:27:01,"디지털병리, 도입 가격 부담 커…“의료보험 수가 개선 필요”",https://n.news.naver.com/mnews/article/030/0003119093?sid=102,"[




대한병리학회(한혜승 이사장)와 한국의료기기산업협회(유철욱 회장)가 19일 국내 디지털병리 활성화를 위한 정책간담회를 개최했다. (사진=송혜영 기자)“인공지능(AI)을 적용한 디지털병리가 판독 효율성을 높이고, 환자 예후 예측을 위한 새로운 바이오마커 발견에 기여할 수 있습니다. 향후 디지털병리 수가체계 등 제도적 개선이 된다면 임상에서 적용이 가속화될 수 있을 것입니다.”대한병리학회와 한국의료기기산업협회는 19일 서울 루닛 본사에서 '디지털병리, 대한민국 암관리에 앞장섭니다'를 주제로 정책간담회를 개최했다.이 자리에서 팽경현 루닛 이사는 “디지털병리 기반 AI 개발 노력이 다방면으로 진행되고 있다”면서 “디지털병리 이미지는 AI가 머신러닝과 딥러닝을 하기 위해 필수적인 데이터 세트가 된다”고 설명했다. 이어 “디지털병리 데이터가 기반이 되면 다양한 바이오마커 알고리즘 개발이 가능해진다”면서 “알고리즘을 활용하면 환자에게 전보다 더 다양한 검사를 받을 수 있도록 하는 환자 맞춤 치료의 초석이 될 수 있다”고 덧붙였다.디지털병리는 디지털 스캐너를 이용해 병리학적 슬라이드를 디지털 이미지로 변환해 저장하고, 그 이미지를 병리학적 진단에 사용하는 것을 말한다. 디지털병리는 크게 △의료 질 향상을 통한 환자 건강 기여 △만성적인 병리의 부족 문제 지원 △물리적 공간 부족 해소 등의 효과가 있다.암환자 증가로 병리 진단 수요도 꾸준히 증가하고 있다. 검사 종류가 면역조직화학검사, 분자유전체 검사 등으로 다양해지고, 질병 분류도 세분화되면서 각 질병에 맞는 치료법에 따른 적절한 병리진단 중요성이 부각되고 있다.이같은 유용성에도 불구하고 디지털 스캐너와 운영 프로그램, 저장 서버 등 초기 비용 투자 부담이 큰 점이 도입 장벽으로 작용한다. 현재 병리진단 수가로는 해결되지 않아 병원들은 정부 추가 지원 없이는 도입이 어렵다고 토로한다.정찬권 서울성모병원 교수는 '디지털병리, 가장 먼저 고려할 것은' 이라는 주제발표에서 디지털병리 시스템 구축과 도입을 위해 정부의 제도적 지원이 필요하다고 주장했다.정 교수는 “디지털병리 도입을 위해서는 장비 설치, 병리검사실과 원활한 전산시스템 연동 뿐만 아니라 병원 간 의료 데이터 활용을 위한 클라우드 구축도 필요하다”면서 “그러나 국내에서는 적절한 보상 체계가 없어 디지털병리 시스템 도입이 어렵고 도입한 병원도 유지와 보수에 어려움을 겪고 있다”고 지적했다. 이어 “디지털병리 데이터 저장비용이 상당한데, 서울성모병원은 지난해 디지털병리 온프레미스 서버 증설 비용만 연 3억원 이상을 썼다”면서 “정부차원에서 의료 보험수가 체계 개선과 특히 데이터 저장과 공유 방식을 개선할 수 있는 제도적 뒷받침이 마련돼야 한다”고 강조했다.국내에서는 지난 2019년 가톨릭대 서울성모병원, 서울대병원, 삼성서울병원 등 대형병원을 중심으로 디지털병리 진단 시스템을 도입하기 시작했지만 아직 도입 초기 단계다. 시스템이 충분히 갖춰지지 않은 상태에서 일부만 디지털병리로 전환하는 경우가 많은 상황이다.김형주 한국로슈진단 전무는 “디지털병리 도입 문턱을 낮추기 위해 구독모델을 국내에 도입했다”면서 “자체 디지털병리 AI 알고리즘 개발은 물론 국내 AI 알고리즘 회사들의 해외 진출 지원을 위해서 노력하고 있다”고 전했다.한국로슈진단은 업계 최초로 일정 기간 동안 디지털병리 솔루션을 사용해 볼 수 있는 구독 서비스를 출시했다. 제주한라병원은 지난달 해당 디지털병리 구독서비스를 설치하고 이달 17일 정식 오픈했다. 구독 서비스는 조직 염색과 스캐닝부터 알고리즘 분석까지, 병리 진단의 전 과정에 걸쳐 구성된 포트폴리오 내에서 이뤄진다.한혜승 대한병리학회 이사장은 “디지털병리 영향력이 나날이 커져 선택이 아닌 필수가 되어 가고 있지만 고가의 초기비용과 수가 등 해결해야 할 현실적인 과제들이 남아있다”면서 “환자 맞춤형 의료서비스를 위한 보험수가 제정 등 제도적 환경을 조성하는데 최선을 다하겠다”고 말했다.
]"
2023-07-19 14:35:01,"주가 뜀박질 의료AI 업체, 해외 진출·사업 확대 '제2 도약'",https://n.news.naver.com/mnews/article/030/0003119054?sid=102,"[
루닛, AI 암 바이오마커로 항암제 치료비·기간 단축뷰노, 美·中·日 시장 개척…심정지 예측 솔루션 육성제이엘케이, MRI·CT 등 판독…뇌·암 분야 특화 101곳 공급딥노이드 '딥 AI' 판독·조기진단…솔루션 공급·개발 투트랙 갖춰



의료AI 업체 주가 변화 추이의료영상 분석·판독 인공지능(AI) 기술로 코스닥에 상장한 루닛·뷰노·제이엘케이·딥노이드가 각기 다른 해외진출 및 사업 확대 전략으로 제2 도약을 노린다. 최근 주가도 일제히 고공행진 중이다.국내 의료AI 대표 기업으로 자리잡은 루닛은 사업 초기부터 글로벌 의료기기 기업들과 제휴해 해외 병원을 공략하는 전략으로 빠르게 성장했다. 10가지 흉부질환 엑스레이 영상을 분석하는 '루닛 인사이트 CXR' 등을 세계 2000곳 이상 의료기관에 도입됐다. 이 중 해외 의료기관 비율은 84%에 달한다. 이같은 평가로 루닛은 지난 5월 장중 시총 1조원을 돌파한 데 이어 6월에는 2조원을 돌파했다.루닛은 AI 암 바이오마커 '루닛 스코프'로 새로운 성장을 노린다. 바이오마커는 단백질, 대사물질 등을 이용해 체내 변화를 알아내는 지표다. AI 바이오마커를 접목하면 환자 개개인에 적합한 항암제를 투여할 수 있어 치료 비용과 기간을 줄일 수 있다.경영진 변경으로 시장 우려를 샀던 뷰노는 최근 해외 사업을 확대하고, 심정지 발생위험 예측 솔루션 '뷰노 메드 딥카스'로 사업 확대도 시도하고 있다. 작년 10월 주가가 5000원대까지 떨어졌으나 최근 4만원대를 돌파하며 기대감이 커졌다.뷰노는 흉부·안저영상 판독, 폐결절 판독, 소아 골연령 진단보조, 뇌 자기공명영상(MRI) 등을 판독하고 진단을 보조하는 AI 진단솔루션 제품군을 두루 갖췄다. 국내 의료기관에 다수 공급한데 이어 일본 시장에서 빠르게 공급을 확대하고 있다. 미국·중국을 새로운 진출국으로 삼고 현지 유통 파트너들과 사업을 논의하고 있다. 미국 의료기관과 임상을 준비하는 등 해외 사업 확대에 속도를 내고 있다.여기에 더해 AI 심정지 발생위험 예측 솔루션 '뷰노메드 딥카스'를 새 핵심 제품으로 키울 계획이다. 이 제품은 혈압, 맥박, 호흡, 체온 징후를 분석해 심정지 발생 위험도를 제공함으로써 심정지 발생 가능성에 선제 대응하도록 돕는다. 지난달 국내 의료AI 업계 처음으로 미국 식품의약국(FDA)로부터 혁신의료기기로 지정받았다.제이엘케이는 엑스레이, MRI, CT, 내시경 등 8종 의료영상에 대해 14개 신체부위 영상을 판독하는 의료AI 솔루션을 갖췄다. 특히 AI 뇌졸중 진단보조솔루션 등 11개 뇌졸중 솔루션을 보유했으며 뇌와 암 분야에 특화됐다는 평가를 받는다. 뇌졸중 분석 솔루션은 지난 4개월 동안 국내 빅5 병원을 포함해 총 101곳에 공급했다.이 회사는 일본에 폐질환 솔루션을 공급하며 해외사업에 속도를 내고 있다.딥노이드는 의료 AI 솔루션 공급과 AI 솔루션 개발 플랫폼 제공이라는 투트랙 사업 구조를 갖췄다. 딥노이드는 자체 개발한 진단·판독·조기진단 의료AI 솔루션 '딥 AI'를 병원에 공급한다. 이와 별도로 병원이나 의료인이 자체 보유한 데이터를 활용해 AI 솔루션을 직접 개발할 수 있도록 도와주는 플랫폼 사업도 하고 있다. 플랫폼 사업을 하는 이유는 AI 개발을 원하는 의료인이 제품 개발을 주도하도록 지원해 단기에 더 많은 제품군을 개발·확보하기 위해서다.
]"
2023-07-19 06:05:00,"""에코프로 살걸"" 후회 그만…아직 빛 못 본 '10루타' 종목 있다",https://n.news.naver.com/mnews/article/008/0004913905?sid=101,"[
[스몰캡 팀장 인터뷰 ④] 김두현 하나증권 미래산업팀장[편집자주] 하반기 코스피 지수가 박스권에서 횡보하며 지지부진한 모습을 보인다. 이런 때 일수록 실적과 성장성을 갖춘 종목들이 빛난다. 반짝이는 중소형주를 발굴해온 베테랑 애널리스트들을 찾아가 종목장세에 대처하는 법을 알아본다.



김두현 하나증권 미래산업팀장 /사진=김휘선 기자 hwijpg@""에코프로, 루닛 놓쳤다고 아쉬워 말라.""올해 기록적인 수익률을 보이며 증시를 뒤흔들고 있는 에코프로와 루닛. 이차전지, 의료AI(인공지능) 대장주로 시장에 자리매김하며 투자자들에게 큰 수익을 안겼다. 하지만 한편에선 에코프로와 루닛을 놓치고 안타까워하는 투자자들이 많았다.하나증권 중소형주(스몰캡) 전문 분석 애널리스트인 김두현 미래산업팀장은 이미 고점에 다다른 이들 종목을 놓쳤다고 아쉬워할 필요가 없다고 말했다. 아직 빛을 보지 못한 알짜 스몰캡 기업들이 많다는 이유에서다. 현 시점에서 투자자들이 '고점 매수'보다 스몰캡 기업들을 발빠르게 연구하고 미리 선점한다면 향후 더 높은 수익을 거둘 수 있다고 덧붙였다.김 팀장은 ""에코프로가 많이 올랐지만 이차전지 장비 혹은 부품 업체들의 주가는 생각보다 많이 오르지 않았다""며 ""이들 업체가 이차전지의 높은 수요에 맞춰 캐파(설비·물량)를 증설하고 있다는 점에 주목할 필요가 있다""고 말했다. 이어 ""덕우전자, 아바코 등은 적어도 내년까지 밸류에이션(실적 대비 주가 수준) 매력이 높아 시장의 주목을 받을 가능성이 크다""고 했다.



김두현 하나증권 미래산업팀장 /사진=김휘선 기자 hwijpg@김 팀장이 이같이 자신 있게 말하는 데엔 이유가 있다. 2014년 하나증권에 합류한 그는 국내 증권사 최대 규모의 스몰캡 분석팀을 이끄는 수장이다. 현재 하나증권 리서치센터 스몰캡 분석팀엔 김 팀장을 포함해 총 7명의 애널리스트가 근무 중이다. 단일팀으론 최대 규모이며 연간 스몰캡 분석 보고서 발간 횟수도 전 증권사를 통틀어 가장 많은 편이다.김 팀장은 이차전지 말고도 다른 산업군의 스몰캡에서도 투자 기회를 찾아볼 수 있다고 말한다. 그는 중소형 화장품, 반도체, 디스플레이, XR(확장현실)·MR(혼합현실) 분야가 유망할 것이라고 예측했다.김 팀장은 ""장기적으로 소비경기가 회복될 가능성이 높아 브이티지엠피, 선진뷰티사이언스 등 중소형 화장품주(株)가 기대된다""며 ""TV 등 가전 수요가 올라가면 피엔에이치테크, 켐트로닉스 등 디스플레이 관련주들도 수혜를 받을 것""이라고 했다.이어 ""애플의 비전프로 출시로 XR·MR이 새로운 시장의 메가 테마가 되고 있다""며 ""덕우전자, 라온텍, 자화전자 등 XR·MR의 밸류체인에 있는 기업들을 가볍게 보면 안 된다""고 했다.



김두현 하나증권 미래산업팀장 /사진=김휘선 기자 hwijpg@그는 하나증권 리서치센터 스몰캡팀이 다른 증권사보다 더 활발하고 열정적으로 기업 발굴에 힘쓰고 있다고 말했다. 20·30세대가 똘똘 뭉친 하나증권 스몰캡 분석팀은 젊은 감각으로 시장 트렌드와 기술 변화를 빠르게 파악한다고 그는 설명한다.김 팀장은 ""수평적인 조직 문화 속에서 개인 애널리스트들이 기업들을 개별적으로 선정하고 탐방도 자주 가는 편""이라며 ""소비재, IT(정보기술), 미디어, 산업재, 게임 등 다양한 분야에 관심을 갖고 있기에 증시의 '숨은 진주'를 발굴하기에 용이하다""고 말했다.그는 스몰캡에 투자하려면 '탑다운(Top-Down)' 방식보다 '바텀업(Bottom-Up)' 방식이 유리하다고 조언한다. 경기 변화보다 개별 기업의 성장 흐름을 정확히 파악하는 게 우선이라고 설명한다. 그러면서 개인 투자자들도 기업 탐방의 기회를 적극적으로 활용하라고 덧붙였다.김 팀장은 ""전체적인 산업 트렌드를 읽고 개별 기업에 집중해야 한다""며 ""관심 있는 기업들을 직접 탐방하면서 기술 발전 방향, 수주 상황 등을 파악하는 게 도움이 될 것""이라고 했다.이어 ""기업분석 보고서를 읽을 때도 '무조건 이건 사야겠다'라고 생각하기보다 '애널리스트가 이 종목에 관심을 갖는구나'라고 여기며 방향성을 잡는 게 좋다""며 ""오히려 비판적인 마음가짐으로 보고서를 분석하고 기업을 바라볼 때도 있어야 한다""고 했다.
]"
2023-07-18 21:59:04,이젠 바이오보다 핫하다…진격의 K-메디테크 [스페셜리포트],https://n.news.naver.com/mnews/article/024/0000083386?sid=101,"[
			최근 국내 증시와 인수합병(M&amp;A) 시장에서 ‘메디테크(Meditech)’ 화두가 급부상 중이다. 메디테크는 ‘의료 기술’을 뜻하는 ‘메디컬 테크놀로지(Medical Technology)’의 줄임말이다. 환자 진단·치료 때 의료 전문가를 보조하거나 대체할 수 있는 여러 장비와 기술, 솔루션 등이 모두 메디테크에 속한다. 인공지능(AI)·로봇 기술 발전과 더불어 건강과 웰빙에 대한 인식이 높아지면서 최근 투자 수요가 급증하고 있다.현재 글로벌 메디테크 트렌드를 주도하는 건 ‘K-메디테크’라고 해도 과언이 아니다. 해외에서 국내 기업을 인수하는 사례가 늘어나고 있는 데다 특히 AI 진단 분야는 ’한국이 글로벌 주가 상승을 주도한다’는 평가가 나올 정도로 그 경쟁력을 인정받고 있다.잇따르는 글로벌 M&amp;A‘인공 췌장’ 이오플로우, 1조원에 인수해외 M&amp;A 증가는 달라진 국내 메디테크 기업 위상을 단적으로 보여준다. 각 분야 글로벌 1위 기업이 국내 기업을 인수합병하는 사례가 늘어나고 있다. 그만큼 기술 경쟁력을 높이 평가하고 있다는 얘기다.최근 업계에서 가장 화제가 됐던 건 코스닥 상장사 ‘이오플로우’ M&amp;A다. 미국 의료 기기 기업 메드트로닉(Medtronic)이 7억3800만달러, 한화로 9700억원이 넘는 금액을 내고 이오플로우를 인수했다. 지난 5월 메드트로닉은 주당 3만원에 이오플로우 상장 지분을 전량 인수하는 계약을 체결했다. 계약 체결일 기준 이오플로우 종가가 2만5050원이었다는 점을 감안하면 메드트로닉이 책정한 ‘웃돈’이 약 20%나 된다.이오플로우는 웨어러블 인슐린 펌프 ‘이오패치’를 주력으로 하는 기업이다. ‘이오패치’는 당뇨 환자 혈당 관리를 위해 인슐린을 지속 전달하는 체외 인슐린 주입기다. 기존에는 주사기나 펜을 이용해 환자가 그때그때 인슐린을 직접 주입해야 했다. 이오패치는 이런 번거로움을 덜었다. 복부나 팔다리 등 피하 지방이 많은 부위에 패치를 부착하기만 하면 끝이다. 일회용 패치를 넘어, 내장된 센서가 혈당을 자동 측정해 인슐린 주입량과 시기를 자동 조절하는 방향으로 고도화되고 있다. 이오플로우 솔루션이 ‘인공 췌장’이라고 불리는 이유다.인슐린 패치와 인공 췌장 분야에서 이오플로우는 자타공인 세계적인 경쟁력을 갖췄다. 현재 일회용 웨어러블 인슐린 펌프를 상용화한 기업은 미국 글로벌 1위 기업 ‘인슐렛(Insulet)’ 하나뿐이다.매출도 빠르게 늘어나고 있다. 2021년 6억9000만원에서 지난해 67억원까지 10배 가까이 뛰었다. 수출이 전체 매출 60% 이상을 차지할 만큼 해외 비중이 높다는 점도 특징이다. 김재진 이오플로우 대표는 “이오플로우가 갖고 있는 초저전력형 구동부 기술 덕분에, 패치 크기와 무게는 전과 비슷하게 유지하면서 약물 저장량은 훨씬 늘어났다. 저장량 증대로 사용 가능 기간이 길어져 환자 편의가 높아지는 것은 물론 생산 원가 리스크도 줄일 수 있다”고 설명했다.올해, 국내 메디테크의 해외 M&amp;A 사례는 더 있다. 소화기 금속 스텐트 전문 기업 ‘태웅메디칼’은 올해 2월 일본 올림푸스가 약 4880억원을 주고 지분 100%를 인수했다. 소화기 스텐트는 혈관·장기 통로가 좁아지거나 막혔을 때, 그 흐름을 원활하게 할 수 있도록 집어넣는 ‘금속 그물망’이다. 수술 없이 내시경으로 치료하는 ‘최소침습형’ 시술 핵심으로 평가받는다.태웅메디칼은 스텐트 중에서도 담도·식도·대장·십이지장 등 소화기 내과용 스텐트에 특화된 기업으로 유명하다. 미국·일본·유럽을 포함해 약 70여개 국가에 연 3000만달러(약 395억원)를 수출할 정도로 글로벌 경쟁력을 인정받은 강소기업이다. 까다롭기로 유명한 일본 시장에서 점유율 1위를 유지하고 있다는 것이 그 방증이다. 일본 올림푸스도 이런 경쟁력을 인정해 인수에 나선 것으로 알려졌다. 올림푸스는 대중에게 ‘디지털카메라’ 기업으로 널리 알려져 있지만, 전 세계 소화기 내시경 시장의 70%를 차지하고 있는 기업이기도 하다.가브리엘라 케이너 올림푸스 치료솔루션사업부 총괄은 “태웅메디칼은 올림푸스 소화기 포트폴리오를 강화할 수 있는 우수한 스텐트 제품을 보유하고 있다”고 말했다.







대세로 떠오른 ‘뷰티 의료 기기’한앤코, 루트로닉에 1조원 베팅해외에서만 K-메디테크 기업을 노리고 있는 것이 아니다. 국내 사모펀드도 메디테크 시장에 군침을 흘리고 있다. 실제 M&amp;A도 잇따른다. 지난해 베인캐피탈이 피부 미용 의료 기기 기업 ‘클래시스’ 최대주주로 올라섰고 올해 상반기에는 유전체 분자 진단 전문 기업 ‘랩지노믹스’, 치과용 3D 스캐너 기업 ‘메디트’가 각각 루하PE와 MBK파트너스에 인수됐다. 올해 6월에는 한앤컴퍼니가 총 9500억원이 넘는 금액에 미용 의료 기기 기업 ‘루트로닉’을 인수한다고 발표했다.인수 사례를 살펴보면 ‘미용 의료 기기’에 대한 관심이 유독 두드러진다는 걸 알 수 있다. 해외에서 뷰티 수요가 급증하고 있는 데다 엔데믹으로 마스크 의무화가 사라지는 등 호재가 많고 미래 성장 가능성도 높다는 판단에서다.한앤컴퍼니가 인수를 추진 중인 ‘루트로닉’은 해외 기업이 대부분이던 국내 피부 미용 의료 기기 선구자로 평가받는다. 2000년대 초 국내 최초 의료용 레이저 기기를 개발해 미국 식품의약국(FDA) 승인을 받은 후 현재는 미국·독일·일본·중국 등 전 세계 80여개국에 의료 기기를 수출하고 있다. 클라리티II, 라셈드 울트라, 헐리우드스펙트라 등 기기가 유명하다.실적이 가파른 상승 곡선을 그린다. 지난해 매출은 2642억원으로 전년(1736억원) 대비 52.1% 증가했고 영업이익(558억원)과 순이익(456억원) 역시 전년보다 각각 87.3%, 64.7% 늘어났다. 설립 이래 최대 실적이다. 해외에서도 잘나간다. 지난해 수출만 2329억원으로 전체 매출에서 차지하는 비중이 88.2%에 달한다. 특히 미국 매출이 104.6% 성장하면서 전체 실적을 견인했다.지난해 4월 역시 베인캐피탈이 6699억원을 주고 지분 약 61%를 사들이며 최대주주로 올라선 ‘클래시스’도 있다. 핵심 제품은 고강도 집속 초음파 에너지(HIFU) 장비인 ‘슈링크’다. 초음파 에너지로 피부를 수축시켜 탄력을 복원하는 방식이다. 2014년 처음 선보인 이후 빠르게 국내 시장점유율을 높여 현재는 전국 3000여개 병·의원에서 사용 중인 것으로 알려졌다. 피부과, 성형외과 등 미용 전문 의원이 개원할 때 필수 의료 기기로 꼽힌다. 2020년 765억원이던 매출이 지난해 1418억원으로 늘었고 같은 기간 영업이익은 406억원에서 906억원까지 두 배 이상 뛰었다. 50%를 훌쩍 넘는 높은 영업이익률도 눈에 띈다.루트로닉과 클래시스 외에도 눈여겨볼 만한 국내 미용 의료 기기 기업이 많다. 고주파(RF) 의료 기기 ‘포텐자’와 초음파(HIFU) 의료 기기 ‘리니어펌’ 등을 만드는 제이시스메디칼이 대표적이다. 지난해 연매출 1165억원을 기록하며 루트로닉과 클래시스에 이어 국내 피부 미용 의료 기기 제조 기업으로는 역대 세 번째로 1000억원 매출을 넘어섰다. 이 밖에도 색소 질환 치료에 특화된 ‘이루다’, 레이저·에너지 기반(RF·HIFU) 원천기술을 보유한 ‘원텍’, 마이크로니들 분야에서 글로벌 경쟁력을 갖춘 ‘비올’ 등이 미용 의료 기기 핵심 기업으로 꼽힌다.의료기관이 아닌 집에서 ‘셀프 미용’을 즐길 수 있는 ‘홈케어 디바이스’ 시장도 빠르게 덩치를 키워가고 있다. ‘널디’ 등 패션 브랜드로 널리 알려진 기업 ‘에이피알’이 대표 주자다. 지난해 매출(3977억원)이 전년 대비 175% 가까이 성장했는데, 중심에 뷰티 디바이스 전문 브랜드 ‘에이지알(AGE-R)’이 자리한다. ‘김희선 미용 기기’로 널리 알려진 뷰티케어 디바이스 에이지알은 지난해 국내외에서 약 60만대가 팔리며 1100억원 매출을 올렸다. 올해 6월 CJ온스타일로부터 상장 전 지분 투자를 유치하는 과정에서 기업가치 1조원을 인정받으며 ‘유니콘 기업’에 등극하기도 했다.



AI 활용한 질환 진단·예측루닛, 연초 대비 주가 7배 폭등메디테크 하드웨어 분야에서 미용 기기에 대한 관심이 높다면 소프트웨어에서는 단연 ‘AI 진단’ 분야 기업이 ‘핫’하다. AI를 활용해 질환 여부를 파악하고 발생 위험을 예측하는 기술이 핵심이다. 최근 급부상한 ‘생성형 AI 기술’ 트렌드와 맞물리면서 관심이 더욱 커지는 중이다. 쌍두마차는 ‘뷰노’와 ‘루닛’이다. 두 기업 모두 올 초 대비 주가가 6배 이상 오르는 급등세를 보이며, 한국을 넘어 글로벌 AI 진단 섹터 주도주로 평가받는다.‘뷰노’는 의료 데이터를 분석해 질환 발생 위험을 예측하는 AI 의료 기기 전문 개발 기업이다. 혈압·맥박·호흡·체온 등 데이터를 수집해 심정지를 예측하는 ‘딥카스’가 주력 제품이다. 최근에는 하드웨어를 넘어 솔루션 사업으로 영역을 빠르게 확장해나가고 있다. AI 기반 흉부 엑스레이 영상 판독 보조 솔루션 ‘뷰노메드 체스트 엑스레이’가 주력이다. AI가 엑스레이 영상을 분석해 결절·경화·간질성 음영 등 이상을 탐지해 의료진에게 이상 소견을 제시하고 위치까지 알려준다. 2021년 삼성전자가 개발하는 이동형 디지털 엑스레이 촬영 장비에 뷰노메드 체스트 엑스레이를 탑재하는 계약을 체결하는 등 성과를 내고 있다.



‘루닛’은 AI 딥러닝을 기반으로 암 진단과 맞춤형 치료 솔루션을 개발하는 의료 AI 플랫폼 기업이다. 특히 암 영상진단 솔루션 ‘루닛인사이트’는 글로벌에서 그 명성이 높다. 폐암과 유방암 진단에 주로 이용하는 솔루션으로, 전문의 혼자 판독했을 때보다 폐결절 발견율이 3배 이상 높을 정도로 뛰어난 정확도를 자랑한다. 루닛인사이트를 도입한 해외 의료기관 수는 2000곳이 넘는다. 지이헬스케어, 아그파헬스케어, 필립스, 후지필름 등 글로벌 고객사를 통해 세계 160개국 이상에 AI 솔루션을 공급하고 있다.최근에는 글로벌 진출 보폭을 더욱 넓혀가는 모습이다. 사우디아라비아 ‘SEHA 가상병원’ 프로젝트에 참여하게 됐다. 사우디 정부는 의료 인프라 구축을 위해 총 660억달러(약 86조원)를 투자하는 국가 전략 사업 ‘비전 2030’을 가동 중이다. 루닛은 사우디 보건부 산하 공공 의료 가상 병원에 AI 영상 분석 솔루션을 설치했다. 성능 평가가 성공하면 사우디 전역 170개 국공립 가상 병원 ‘국가 암 검진·결핵 검사’ 프로그램에 루닛 제품이 활용될 예정이다.뷰노와 루닛 외에도 AI 진단 기업이 많다. AI 엑스레이 진단 솔루션 직접 개발뿐 아니라 의료인의 솔루션 개발을 돕는 사업 모델도 갖고 있는 ‘딥노이드’, 뇌졸중 CT와 MRI 진단에 강점을 갖고 있는 ‘제이엘케이’, 뇌신경 퇴화 영상 분석으로 알츠하이머 진단과 치료 분야에서 기대감을 키워가고 있는 ‘뉴로핏’ 등이다.AI 기술은 질환 진단과 예측 외에도 다방면으로 활용되고 있다. 예를 들어 ‘토모큐브’는 AI 기술을 활용해, 살아 있는 세포를 3차원으로 보면서 분석하는 현미경을 개발하는 스타트업이다. 기존 현미경은 죽은 세포를 평면으로밖에 관찰할 수 없어 여러모로 한계가 있었다. AI 기반 디지털 치과 솔루션 전문 기업 ‘이마고웍스’는 AI를 활용해 자동으로 치아나 보철물을 디자인하는 캐드캠 소프트웨어를 개발한다. 치과의사 등 치과 종사자들에게 AI 솔루션을 서비스형소프트웨어(SaaS) 방식으로 제공한다. 김충현 미래에셋증권 애널리스트는 “AI 진단 같은 의료 AI 애플리케이션 영역은 국내 기업 외에는 글로벌 상장 기업을 찾기 어렵다는 점에서 한국이 경쟁력을 갖는다. 대부분 글로벌 스타트업이 기술 개발을 주도했지만 팬데믹 기간을 거치며 금리 인상, 밸류에이션 인플레이션 등으로 IPO 시장이 얼어붙으면서 상장에 실패했다”고 분석했다.



메디테크, 앞으로 전망은병원 정상화·K뷰티 확산 등 호재국내 메디테크에 대한 투자자와 글로벌 기업 관심이 늘어난 이유는 무엇일까.전문가들은 “여러 이유가 복합적으로 작용한 결과”라고 말한다. 팬데믹 이후 병원 운영이 정상화됐고 디지털 기반 맞춤형 의료 수요가 늘어나는 과정에서 기술 경쟁력이 뛰어난 국내 기업이 수혜를 입었다는 분석이 힘을 얻는다. 국내 제조와 IT, 무선 통신 등 그간 축적해온 기술력이 의료 분야에서도 성과로 나타나기 시작한 것이다.특히 미용 의료 기기 분야는 경쟁력이 확실하다는 의견이 많다. 앞으로 개척할 수 있는 해외 시장이 워낙 크다는 점에서다. K콘텐츠와 K뷰티가 글로벌 대세로 자리 잡으면서 ‘의료 강국’, 특히 ‘미용 성형 강국’이라는 인식이 빠르게 확산되고 있다는 점도 긍정적이다. 박종현 다올투자증권 연구원은 “국내에서 성능 평가를 마친 기업들은 해외 진출을 시작한다. 국내 기업은 가격 경쟁력이 워낙 좋다. 고가 오리지널 장비 구매를 꺼리던 신흥국에선 유사한 성능을 갖고 있으면서도 저렴한 한국 제품을 선호한다”고 분석했다. 정동희 삼성증권 애널리스트는 “미용 의료 기기 산업 자체가 기업 투자 측면에서 볼 때 보유한 장점이 워낙 많다. 중소 바이오텍 대비 상대적으로 투자 회수 기간이 짧다는 점, 현금흐름 창출 능력 대비 시설 투자 규모가 훨씬 작다는 점, 미국, 중국, 유럽 등 주요 시장의 경우 의약품처럼 허가에 기반한 기술적 해자를 누릴 수 있다는 점 등”이라고 말했다.메디테크 전망이 밝은 것과는 별개로, 유망 기업의 해외 기업 인수는 아쉽다는 반응도 나온다. 우리 기업이 갖고 있는 기술 경쟁력과 성장 가능성 대비 상대적으로 저렴한 가격에 팔려 나가고 있다는 진단이다. 익명을 요구한 한 벤처투자업계 관계자는 “메디테크는 한국 핵심 신성장동력 중 하나다. 투자가 이어지고 기술 역량을 조금 더 제고하면 장기적으로 훨씬 더 높은 가치를 받을 수 있는 기업이 많다”며 “유망 기업이 이탈하지 않도록 민간뿐 아니라 정부 차원에서 비전을 갖고 투자와 지원을 확대해나갈 필요가 있다”고 말했다.



[본 기사는 매경이코노미 제2218호 (2023.07.19~2023.07.25일자) 기사입니다]
]"
2023-07-18 16:26:01,"""AI 분야 중 가장 빠르게 성장""…의료 AI에 투자금 '밀물'",https://n.news.naver.com/mnews/article/015/0004869483?sid=101,"[




올초 챗GPT 열풍 이후 AI(인공지능) 분야는 가장 빠르게 자금이 흘러들어가고 있는 분야가 됐다. 다만 그중에서도 특히 의료AI에 대한 자금유입세는 남다르다. 관련 기업들의 주가는 반년 사이 몇배가 올랐다. 의료 AI가 인공지능 모든 분야를 통틀어 가장 빠르게 가시적인 성과를 낼 분야로 꼽히면서 투심이 쏠리고 있다는 분석이다. ○주요 의료 AI 기업 올해만 5~6배 상승



17일 국내 AI 진단 기업인 뷰노의 주가는 전날에 비해 7.14% 오른 3만7500원에 거래를 마쳤다. 주로 치매·뇌질환 등을 조기 진단하는 AI를 개발·공급하고 있다. 주가는 올 초와 비교 500.96% 상승했다. 올해도 100억원대 영업적자를 기록할 것이란 관측이지만, 외형성장을 기대한 투자자들의 자금이 몰리면서 상승세를 이어가고 있다는 설명이다. 2020년 13억원에 불과하던 매출은 올해 150억원, 내년 244억원 등으로 빠른 성장세를 보일 것이란게 증권가의 추정이다. 아직 의료AI 시장이 개화하지 않은 만큼, 수요가 본격적으로 생겨나기 시작한다면 매출 성장은 시장 기대 이상일 수 있다는 설명이다.  AI 진단 기업인 루닛의 주가도 올들어 493.28% 올랐다. 암 진단에 특화된 AI에 강점이 있다는 평가다. AI를 통해 항암치료의 확률을 예측하거나, 적절한 치료법을 제안하는 것도 가능하다는 설명이다. 뷰노와 마찬가지로 당장의 실적보다는 매출 성장을 기대한 투자자들의 자금이 몰리고 있다. 2020년 14억원이던 루닛의 매출은 올해 345억원, 내년에는 500억원을 돌파할 것이란 관측이다. 루닛의 경우 특히 개인 투자자들의 투심이 강했다. 개인투자자들은 올해에만 루닛을 3551억원 어치 순매수했다. AI 진단 및 데이터 분석 기업인 제이엘케이와 딥노이드 역시 올해에만 각각 636.5%, 122% 오르며 급등세를 이어가고 있다.   ○""국내 기업, AI 진단 영역에서 강세""특히 의료AI 관련주들이 급등세를 보이는건 수익화에 가장 빠르게 성공할 것이란 관측 때문이다. 시장 성장 속도가 다른 AI 분야보다 빠를 것이란 의미다. 아직 구체적인 쓰임새가 잘 그려지지 않는 다른 분야와 달리, AI를 활용해 질병을 진단하고 신약을 개발하는 등 수익화의 방향성이 어느 정도 정해졌다는 분석이다.  글로벌 리서치기관 스태티스타에 따르면 글로벌 의료 AI 시장 규모는 지난 2021년 약 110억달러(약 13조9000억원)에서 2030년 1880억달러(237조9000억원)로 17배 늘어날 것이란 전망이다. 연평균 37%의 초고속 성장세다 특히 국내 주요 기업들이 AI 진단 및 데이터분석 영역에 집중하고 있다는 점도 주목해야한다는 설명이다. 미국 의료기업들의 경우 주로 AI 신약개발 영역에서 두각을 보이고 있는 만큼, 진단영역에서만큼은 글로벌 경쟁력을 갖출 수 있을 것이란 전망이 나온다. 실제 올해 기대감이 커지며 높은 주가상승률을 보인 미국 AI 의료 기업들은 모두 신약개발 회사들이였다. 슈뢰딩거(SDGR)가 191.37% 상승했고, 엔비디아가 최근 5000만달러를 투자하기로한 리커젼(RXRX)도 57.63% 올랐다. 전문가들은 초기 산업 단계의 전형적인 벨류에이션 과열 현상이 나타나고 있는건 분명하지만, 중장기적 주가 상승이 나타날 가능성에 더 주목해야 한다고 설명한다. 투자 기업과 관 '글로벌 시장에서 꾸준히 성과를 낼 수 있는지' '실제 실적 성장이 나타나고 있는지' '적자를 버틸만한 재무구조나 전략을 갖추고 있는지' 등을 살피라는 설명이다. 김충연 미래에셋증권 연구원은 ""단기간에 주가가 급등한 상황에서 막연히 주가조정을 두려워하기보다는, 주가조정 이후에도 '재평가(Re-rating)'가 될 수 있는가를 판단할 시점""이라고 말했다. 
]"
2023-07-18 16:24:01,올여름 IPO 슈퍼대전 개막…‘따따블’ 노리는 공모주는?[전예진의 마켓 인사이트],https://n.news.naver.com/mnews/article/050/0000067062?sid=101,"[
7~8월 20여 개 공모 기업 릴레이 청약 예고, 시가 총액 1000억원 안팎 중소기업 대부분 포진상장 첫날 가격 제한폭 풀자 공모주 수익률 123%로 상승, ‘문어발’ 청약으로 총 수익금은 감소



올여름 기업공개(IPO) 대전이 개막됐다. 7월부터 한 달 동안 30여 곳의 공모 기업이 릴레이 청약에 나선다. 새내기 종목의 상장 첫날 가격 제한 폭이 공모가의 400%로 확대되면서 수익률이 높아진 만큼 청약 열풍이 뜨거울 것으로 보인다. ◆공모 기업 수, IPO 호황기 뛰어넘어투자은행(IB)업계에 따르면 7월 통신 기기 전문 기업 센서뷰와 웹툰 제작사 와이랩을 시작으로 8월 초까지 20개 기업이 공모 청약을 진행한다. 공모 일정을 확정하지 않은 기업들까지 포함하면 최대 30여 곳에 달한다. IPO 호황기였던 2020년과 2021년보다 많다.통상 7~8월은 IPO 성수기로 꼽힌다. 자본시장법 시행규칙에 따라 최근 실적을 반영해 공모 절차를 진행하면 이 시기 청약 일정이 몰리기 때문이다. 5월 중순 제출한 1분기 실적 보고서를 토대로 증권신고서를 작성한 기업이 6월 중 신고서를 제출할 경우 효력 발생일인 15일 이후부터 공모 절차를 시작할 수 있다. 공모 기업이 해외 기관투자가를 모집할 경우 반기 보고서가 나오기 전인 8월 초엔 상장을 마쳐야 한다. 해외 투자 설명서에 제공한 결산 자료의 작성 기준일로부터 135일 이내에 청약·배정·납입·상장 일정을 마무리해야 한다는 ‘135일 룰’이 있기 때문이다. 대어들의 청약이 7월 말부터 8월 초에 집중되는 이유다.2021년 IPO 성수기에는 7~8월 청약을 진행한 공모 기업이 24곳에 달했다. SD바이오센서·카카오뱅크·크래프톤·롯데렌탈 등 기업 가치 조 단위의 기업들이 이 시기 유가증권시장에 입성했다. 지난해 여름엔 쏘카·새빗켐·성일하이텍·루닛 등이 IPO 시장을 달궜다. 하지만 작년에는 증시 침체로 공모 기업 수가 18개로 줄었고 청약 성적도 극명히 엇갈렸다.올해는 증시가 회복되고 중소형 공모주의 강세가 이어지면서 공모 기업 수가 증가했다. 상장 예비 심사 지연과 금융감독원의 정정 신고서 요청이 겹치면서 일정이 밀린 기업들이 몰린 것도 영향을 미쳤다. 7월 셋째 주와 8월 첫째 주엔 같은 날 4개 기업이 동시 청약이 진행될 정도로 IPO 시장이 분주할 것으로 예상된다. 한 증권사 관계자는 “지금 같은 분위기라면 7~8월 두 달간 공모 기업 숫자가 30곳을 넘어설 수도 있다”며 “수십만 명의 청약자가 몰릴 것에 대비해 서버를 재정비하고 있다”고 말했다.◆ 업종 불문, 라이트급 기업 대거 출격올해 IPO 시장은 시가 총액 1000억원대의 중소형 코스닥 기업이 주도한다. 시총 1조5000억원을 목표로 하는 팹리스(반도체 설계 전문) 기업 파두를 제외하면 대부분 기업 가치 1000억원대의 중소기업이다. 유가증권시장 상장은 강관 업체 넥스틸이 유일하다. 시총 100억원 안팎의 스팩(기업인수목적회사) 5곳의 공모도 예정돼 있다. 7월 6일 코스닥 시장에 입성한 교보14호스팩이 상장 첫날 가격 제한 폭인 공모가의 400%인 8000원에 근접하면서 스팩에 대한 관심이 높아졌다. 이 스팩은 상장 첫날 공모가(2000원) 대비 240.50%(4810원) 오른 6810원에 거래를 마쳤고 이후에도 공모가의 두 배 이상을 유지하며 공모주 투자자들에게 높은 수익률을 안겨줬다.IPO 시장에서 그동안 비인기 업종으로 분류됐던 제조 기업들이 다수 등장한 것도 특징이다. 그동안 IPO 시장은 메타버스, 코로나19 진단 키트, 2차전지, 플랫폼 기업 등 테마 종목이 인기를 끌었다. 최근에는 사이버 보안, 스마트 팩토리, 소재 부품 장비, 통신 설비, 화장품 등 다양한 분야의 기업들이 등장하고 있다. 공모주 청약 열풍으로 올 상반기 유아 가구 제조 업체 꿈비, 화장품 제조사 마녀공장 등이 수천 대 1의 경쟁률을 기록하자 제조 기업들이 잇달아 공모에 나서는 분위기다. 화장품 주문자 상표 부착 생산(OEM) 업체인 뷰티스킨과 전력 반도체 제조 기업 시지트로닉스, 스마트 팩토리 전문 기업 엠아이큐브솔루션 등이 공모에 나선다.제조업 외에 인공지능(AI)·증강현실(XR)·반도체 등 성장성이 높은 업종들도 다수 포진해 있다. 최근 바이오 섹터의 주가가 부진한 가운데 AI 기반의 신약 개발 플랫폼을 활용해 희귀·난치성 질환 치료제를 개발하는 바이오 테크 기업인 파로스아이바이오가 공모에 나선다. 시총은 1809억~2325억원대로 제시했다. 지난해 공모가 3만원, 시총 3000억원대에 상장한 AI 기반의 암 진단 기기 개발사 루닛의 주가가 급등하면서 AI 의료 기기 업체의 몸값도 동반 상승했다. 루닛은 7월 들어 주가가 20만원에 근접했고 시총 2조원을 돌파했다. 증권가는 AI 기반의 의료 기기 업체들이 재조명받는 계기가 될 것으로 내다보고 있다.이 밖에 산업용 XR 솔루션 개발 업체 버넥트, 반도체 후공정 테스트 업체 에이엘티 등이 7월 코스닥 상장에 도전한다. 8월에는 사이버 보안 업체 시큐레터, 세포 분석 자동화 기업 큐리옥스 바이오시스템, 방위 산업 솔루션 개발사 코츠테크놀로지 등이 청약을 진행한다.◆공모주 수익률 73%→123%, ‘따따블’ 나올까증권가는 이번 IPO 대전에 수십만 명의 청약자들이 몰릴 것으로 예상한다. 거래소가 6월 28일부터 거래소가 새내기 종목의 상장 첫날 가격 제한 폭을 공모가의 400%로 확대한 이후 공모주 수익률이 높아지면서 투자 열기가 뜨거워지고 있기 때문이다.가격 제한 폭을 확대한 이후 상장한 공모주의 수익률은 평균 123%로, 직전 3개월의 평균 수익률인 29%보다 네 배 이상 높았다. 공모가 1만원인 공모주를 상장 첫날 종가에 팔았을 때 이전에는 2900원의 수익을 냈다면 제도가 바뀐 이후에는 1만2300원의 수익을 올렸다는 얘기다. 7월 6일 상장한 이노시뮬레이션은 시초가가 공모가(1만5000원)의 약 세 배인 4만4850에 형성됐고 공모가 대비 2만원(133.33%) 오른 3만5000원에 거래를 마쳤다. 시초가에 공모주를 매도했다면 199%의 수익률을 올릴 수 있었던 셈이다.공모주 수익률이 상승하자 조 단위의 증거금이 몰리고 있다. 2차전지 장비 회사 필에너지는 7월 코스닥 상장을 위해 일반 청약을 받은 결과 약 15조7600억원의 증거금이 몰렸다. 6월 상장한 기가비스가 세웠던 기록(9조8215억원)을 넘어섰다. 평균 청약 경쟁률은 1318 대 1로 나타났다. 배정 물량이 많았던 미래에셋증권에서만 50만 명이 청약했고 삼성증권은 15만8000명이 몰렸다. 지난해 상장한 LG에너지솔루션 청약 당시 총 442만여 명이 몰렸고 한 증권사에 최대 213만 명이 청약했다는 점을 고려하면 아직 청약 열기가 정점에 도달하지는 못했다는 분석이다.기관투자가들 사이에서도 공모주 선점 경쟁이 치열해지고 있다. 기관들이 수요 예측에서 높은 가격을 써내면서 공모가도 줄줄이 상향 조정되고 있다. 무선 주파수(RF) 솔루션 전문 기업인 센서뷰는 7월 초 진행한 수요 예측에서 경쟁률 1673 대 1을 기록했다. 수요 예측의 흥행으로 공모가를 희망 가격(2900~3600원)의 하단보다 55% 높은 4500원에 결정했다. 이에 따라 시총은 752억~933억원에서 1167억원으로 뛰었다. 공모 금액도 113억~140억원에서 176억원으로 30억원 이상 공모 자금이 늘었다. 웹툰 제작사 와이랩도 수요 예측 경쟁률 1822 대 1로 희망 가격(7000~8000원)의 하단보다 약 30% 높은 9000원에 공모가를 확정했다.증권가에서는 상장 첫날 수익률 300%를 달성할 수 있는 ‘따따블’ 공모주가 나올지 관심이다. 공모가가 높아지는 추세에도 불구하고 가격 제한 폭까지 주가가 오른다면 공모주 투자 열풍이 걷잡을 수 없이 번질 것이란 전망도 나온다.다만 청약 경쟁률이 높아지면 투자금 대비 받을 수 있는 공모주가 줄어 전체 수익은 줄어들 수 있다. 가족 명의의 계좌를 동원하는 ‘문어발식’ 청약자들이 많아지면 균등 배정 주식을 한 주도 받지 못할 가능성이 높다.전예진 한국경제 기자 ace@hankyung.com
]"
2023-07-18 16:08:01,"프레스티지바이오파마, 美 암 정복 프로젝트 ‘캔서문샷’ 참여",https://n.news.naver.com/mnews/article/366/0000917689?sid=101,"[
국내 기업 중 루닛에 이은 두 번째 참여  췌장암 신약 후보물질 개발·진단키트 상용화 추진



프레스티지바이오파마그룹 CI



        국내 항체 바이오업체 프레스티지바이오파마가 미국 연방정부가 추진하는 대규모 암 정복 프로젝트인 ‘캔서문샷(Cancer Moonshot)’에 합류했다고 18일 밝혔다. 이 프로젝트에 참여하는 국내 기업으로는 창립멤버로 참여한 의료 인공지능(AI) 기업 루닛에 이어 두 번째다.프레스티지바이오파마는 췌장암 치료 분야 생태계 구축을 위해 캔서문샷 추진 민관 협력체인 캔서X에 참여한다. 회사는 췌장암 신약 후보물질 ‘PBP1510′과 췌장암 진단키트 개발·상용화에 속도를 낸다는 계획이다.캔서문샷은 조 바이든 대통령이 부통령 시절 발표한 암 정복 선언으로, 달 착륙 도전에 버금가는 ‘원 빌리언 달러(한화 약 1조1500억원)’를 쏟아붓는 혁신적인 암 정복 프로젝트다. 프레스티지바이오파마를 포함한 참가 기업은 미국 정부로부터 자금을 지원받아 암 정복을 위한 다양한 실증 연구를 진행한다. 암 치료제와 암 진단 등 혁신 기술을 도입해 정책적 지원과 함께 연간 18억달러(약 2조3000억원)라는 대대적인 투자도 이어진다. 장기적으로 미국인 암 사망률을 25년 동안 절반으로 줄이는 것을 목표로 한다캔서X는 백악관이 승인한 공식 기구로, 미국 최고 암 연구소인 모핏 암 센터(Moffitt cancer center)와 디지털 의학 전문가들이 모인 디지털의학학회(Digital Medicine Society)가 주관한다.현재 캔서X에 참여하는 기업은 앞서 의료 인공지능(AI) 기업인 루닛과 프레스티지바이오파마를 포함한 총 92곳이다. 존슨앤드존슨, 다케다제약, 제넨텍, 아스트라제네카 등 빅파마와 세계 최고 암 전문기관, 디지털 헬스케어 기업은 물론, 인텔, 아마존웹서비스와 같은 IT 업체도 참여한다.2015년 싱가포르에서 설립한 프레스티지바이오파마는 항체신약과 2종과 바이오시밀러 3개를 보유한 항체 바이오의약품 전문 기업이다. 췌장암 환자의 80% 이상에서 과발현되며 암의 진행과 전이에 결정적 역할을 한다고 알려진 PAUF를 중화해 췌장암을 치료하는 항체신약 PBP1510을 개발하고 있다. PBP1510는 지난 2020년 미국 식품의약국(FDA), 유럽 의약품청(EMA), 한국 식품의약품안전처로부터 희귀의약품으로 지정됐다. 현재 미국과 유럽에서 임상 1·2a상을 진행 중이다.프레스티지바이오파마는 디지털의학학회가 회사가 개발한 췌장암 고유 치료표적물질인 PAUF(췌관선암 과발현 인자)에 큰 관심을 보여 프로젝트 참여를 결정했다고 설명했다. 프레스티지바이오파마는 혈중 PAUF 농도를 활용한 췌장암 진단, PBP1510, 그리고 췌장암 예방목적의 항(anti)-PAUF 요법 등 췌장암 치료법 개발을 위한 다양한 연구를 진행한다.프레스티지바이오파마는 이번 프로젝트 합류를 통해 췌장암을 조기 발견하는 세계 최초의 진단키트의 상용화를 위한 적극적인 홍보 기회로 삼는다는 전략이다. 다양한 글로벌 기업·기관이 암 정복을 위해 협업하는 만큼 회사는 췌장암 조기진단에 대한 인식 전환을 일으키는 창구로도 활용할 예정이다.박소연 프레스티지바이오파마 회장은 “미국 캔서문샷 프로젝트의 캔서X 멤버 합류로 당사의 핵심 파이프라인인 PAUF기반 췌장암 치료 패러다임이 미국 내에서 안정적인 지원과 협력 속에 연착륙할 수 있게 됐다”며 “지난 3월 FDA 신속 심사 품목에 지정된 췌장암 항체신약 PBP1510의 빠른 상용화를 진행하는 한편, 고형암 치료제 PBP1710 등 다른 신약 파이프라인에 대한 기술·사업적 파트너십을 찾는 새로운 기회로 삼을 것”이라고 말했다.



CANCER X 홈페이지 캡처
]"
2023-07-18 06:31:01,다 같은 이차전지주라고?…엘앤에프 개미 울고 에코프로 개미 웃다,https://n.news.naver.com/mnews/article/277/0005287720?sid=101,"[
최근 3개월 개인 순매수 상위 종목에 이차전지株 대거 포진코스닥 3개월 순매수 1위 엘앤에프…개인 평균 매수가 대비 -17.33%에코프로 42.27% 기록…코스피에서도 포스코홀딩스·포스코퓨처엠만 수익권



국내 주식시장에서 개인 투자자의 이차전지주 사랑이 지극하다. 최근 3개월 동안 시장별 순매수 상위 10개 종목 안에 이차전지 밸류체인(가치사슬)에 포함된 상장사가 다수를 차지했다. 올해 들어 에코프로 그룹주가 급등하면서 이차전지주에 대한 관심이 커진 결과로 풀이된다. 에코프로가 최근 재차 가파른 상승 곡선을 그리면서 상대적으로 덜 오른 이차전지 관련주로 매수세가 번지는 모습이다. 다만 이차전지주 안에서도 희비가 엇갈리고 있다. 한국거래소와 금융투자업계에 따르면 개인은 지난 4월14일부터 지난 14일까지 3개월 동안 에코프로 주식을 3976억원어치 사들였다. 코스닥 시장 순매수 상위 세번째에 해당하는 규모다. 평균 매수가격은 70만2169원으로 17일 종가 99만9000원 기준 수익률은 42.27%에 이른다. 에코프로 주식은 이날 장중 101만5000원까지 올랐다. 지난 10일 기록한 사상 최고가까지 올랐다가 장 막판 상승폭을 일부 반납했다. 종가 기준으로도 100만원을 넘어서며 황제주 등극을 노렸으나 1000원 모자란 99만9000원으로 거래를 마쳤다. 에코프로 주가는 이달 들어 32.5% 올랐다. 시가총액은 26조6000억원으로 자회사이자 코스닥시장 시가총액 1위 기업인 에코프로비엠(27조3000억원)을 턱밑까지 쫓아갔다.에코프로는 올 2분기에 매출액 2조132억원, 영업이익 1164억원을 기록했다. 지난해 같은 기간보다 매출액은 63.4% 늘었고 영업이익은 2.1% 감소했다. 외형 성장을 이어가는 에코프로에 대해 대다수 증권사가 분석을 외면하고 있지만 개인 투자자는 '사자' 주문을 연일 외치고 있다. 시장 예상에 못 미치는 실적에도 자회사 상장, 모건스탠리캐피털인터내셔널(MSCI) 한국지수 편입 등의 호재가 대기하고 있어서다.개인은 3개월 동안 에코프로비엠 주식도 4985억원어치 사들였다. 평균 매수가 26만5308원으로 평가수익률 5.16%를 기록했다. 에코프로비엠은 2분기에 매출액 1조9062억원, 영업이익 1147억원을 달성했다. 매출액과 영업이익은 각각 60.6%, 11.5% 증가했다. 



개인이 최근 3개월 동안 코스닥시장에서 가장 많이 사들인 종목은 엘앤에프다. 5366억원어치나 사들였다. 엘앤에프는 이차전지 소재를 생산하고 있지만 에코프로 그룹주 대비 상승률이 높지 않았다. 엘앤에프 주가가 에코프로 그룹주와 키맞추기에 나설 것이라는 기대와 달리 이달 들어 주가는 7.2% 내렸다. 엘앤에프를 사들인 개인의 평균 매수가는 27만2780원으로 현재가 대비 17.33% 높다. 에코프로 그룹주나 포스코 그룹주와 달리 더딘 원재료 수직계열화와 낮은 소재 국산화율 등이 약점으로 꼽힌다. LG에너지솔루션에서 전체 매출의 80%가량을 올리는 편중 현상도 주가 부진의 원인 중 하나다. 김현태 BNK 투자증권 연구원은 ""양극재 판매량이 전분기 수준을 기록하면서 2분기 매출이 기대치를 밑돈 것으로 추정한다""며 ""판매 부진의 주요 원인은 유럽 수요 위축 때문""이라고 분석했다. 이어 ""유럽의 가파른 물가상승과 경기위축 우려, 그리고 양극재 원재료가격 하락이 겹치면서 구매 수요가 이연된 것으로 보인다""며 ""주 고객사인 T사가 예상을 상회하는 판매량을 기록하고 있기 때문에 미국향 양극재 출하는 지속 성장하고 있다""고 덧붙였다.개인 투자자들은 의료 인공지능(AI) 업체 루닛도 2950억원어치 사들였다. 시가총액 2조2000억원을 고려했을 때 순매수 비중이 13.4%에 달한다. 순매수 규모로는 상위 네번째지만 시가총액을 고려한 순매수 비중은 이차전지 소재 업체들보다 높다. 개인은 루닛 투자로 40%가 넘는 평가수익률을 기록하고 있다. 루닛은 사우디아라비아 국가 전략 사업 '비전 2030'의 핵심 과제인 'SEHA 가상병원' 프로젝트에 참여하는 등 해외에서 의료 AI 기술력을 인정받고 있다. 사우디 보건부 산하 공공 의료 가상 병원에 흉부 엑스레이 AI 영상 분석 솔루션 '루닛 인사이트 CXR' 및 유방 촬영술 AI 영상 분석 솔루션 '루닛 인사이트 MMG'를 설치했다. 김충현 미래에셋증권 연구원은 ""전 세계 2000곳이 넘는 의료기관에 AI 영상 분석 솔루션 '루닛 인사이트'가 침투했다""며 ""외형 성장이 이어질 것""이라고 내다봤다. 개인 순매수 상위 10개 상장사 가운데 에코프로, 루닛, 에코프로비엠을 제외하고는 모두 손실을 보고 있다. 지난달 30일 코스닥시장에 상장한 알멕 주식도 1300억원 넘게 사들였지만 평가손실률이 17%에 이른다. 상장 첫날 변동폭 확대 이슈로 새내기 주식에 대한 관심이 커졌지만 공모주 투자가 아닌 상장 이후 투자로는 재미를 못보고 있다.개인이 1000억원 이상 순매수를 기록한 상장사로는 엔켐·스튜디오드래곤·HLB·천보 등도 있다. 개인의 적극적인 순매수 행진에도 주가는 약세 흐름을 이어가고 있다.코스피에서 개인 순매수 상위 종목에도 포스코홀딩스·LG화학·LG에너지솔루션·SK이노베이션·포스코퓨쳐엠 등 이차전지 관련 업체가 이름을 올렸다. 개인들은 포스코홀딩스 주식을 1조7732억원어치 사들였고 평가수익률 20.5%를 기록했다. 또 포스코퓨처엠을 4356억원 순매수했다. 평가수익률은 11.6%다.이유진 유진투자증권 연구원은 ""포스코홀딩스가 최근 리튬, 니켈, 양극재, 음극재의 2030년까지의 생산 계획을 공개했다""며 ""리튬 42만3000t, 니켈 24만t, 양극재 100만t, 음극재 37만t으로 모든 분야에서 지난해 대비 생산능력 계획을 확장했다""고 설명했다. 이어 ""리튬 사업가치를 기존 4조9000억원에서 6조7000억원으로 상향 조정한다""고 덧붙였다.포스코퓨처엠은 국내에서 유일하게 음극재와 양극재 소재를 동시 생산하는 이차전지 소재업체다. 포스코홀딩스의 이차전지 소재 생산능력 확대 전략에 따라 성장을 지속할 것으로 보인다. 이용욱 한화투자증권 연구원은 ""하반기 천연흑연 공급계약 및 인조흑연의 첫 안정적 생산을 기대한다""며 ""지속적인 양극재·음극재 수주와 공정 효율화를 통한 수익성 제고를 기대한다""고 전망했다.개인은 3개월 동안 LG화학과 LG에너지솔루션 주식을 각각 7804억원, 4437억원 순매수했다. 현재 주가는 개인 평균 매수가보다 낮다. 이 밖에도 삼성바이오로직스·S-오일·LG생활건강·카카오·엔씨소프트 등을 집중적으로 사들였으나 평가손실을 기록 중이다.
]"
2023-07-17 18:05:08,"[fn이사람] ""믿을 만한 정보로 개미투자자 성공 도울 것""",https://n.news.naver.com/mnews/article/014/0005043206?sid=102,"[
황세환 FS리서치 대표시장 흐름 따라 투자 섹터 선택장기성장성·밸류에이션이 먼저의료AI 기업 루닛 등 발굴 성과 



 코로나 팬데믹으로 분 투자열풍의 이면에는 주식 리딩방 사기, 주가조작 등 '금융사기'가 자리하고 있다. 누구나 성공한 투자자로 거듭날 수 있는 동시에 사기 피해자도 될 수 있는 만큼 양질의 투자정보가 중요한 시점이다. 수많은 콘텐츠가 쏟아지는 가운데 FS리서치는 '개인투자자가 믿을 수 있는 투자정보를 제공하는 리서치업체'를 목표로 하고 있다.   황세환 FS리서치 대표(사진)는 17일 파이낸셜뉴스와 만나 ""과거에는 개인들이 돈을 누군가에게 맡겨서 투자를 하는 시대였으나 지금은 여러 콘텐츠와 자료 등을 통해 직접투자하는 시대다. 그만큼 투자사기 등이 많이 발생하는 만큼 양질의 투자정보에 대한 수요는 계속 늘어날 것""이라고 말했다.   FS리서치의 이 같은 자신감은 황 대표의 이력에서 나온다. 황 대표는 대형 증권사 애널리스트와 자산운용사 펀드매니저로 오랜 기간 일했다. 그 덕분에 시장 전체를 아우르는 시각을 기를 수 있었다는 설명이다. 황 대표는 ""펀드매니저로 일할 당시 전 섹터를 맡았었다. 그 때문에 '현재 시기에는 이 섹터에 투자하는 게 좀 더 낫겠다' 등 시장 흐름을 더욱 잘 읽을 수 있다는 장점이 있다""고 전했다.   적극적인 탐방도 FS리서치의 질적 성장을 꾀하기 위한 노력 중 하나다. 황 대표를 포함한 직원들은 일인당 한 달에 최소 상장사 16곳을 찾는다. 성장성, 밸류에이션, 기본역량 등을 고려해 기업을 선정한 후 사업내용을 정확하게 연구하고 전방시장을 분석한다.   황 대표는 ""분기 실적이 잘 나오거나 기관·외국인 투자자가 매수 중인 기업 등을 골라 탐방을 한다""며 ""그중에서 1~2개 기업을 선별해 보고서를 작성한다""고 말했다.   기업을 고를 때 특히 중요하게 보는 요인은 성장성과 밸류에이션이다. 지금 시기에는 장기 성장성이 드러나는 섹터 위주로 움직이고 있다는 그의 판단이다. 의료 인공지능(AI)기업 루닛도 이런 과정을 거쳐 발굴했다. 지난해 상장한 루닛은 공모가 대비 500% 가까이 뛰었다. 황 대표는 ""현재 시장 트렌드는 현금창출 능력이나 사업의 독점성보다는 성장 가시성이 얼마나 나오느냐에 초점이 맞춰져 있다""며 ""당장 실적은 안 나와도 장기 성장성이 가시적으로 느껴지는 종목을 중요하게 살펴보고 있다""고 강조했다.   지난해 설립 이후 독립리서치로서 기본기를 다진 FS리서치는 유료 서비스를 통해 도약을 준비하고 있다. 7~8개 종목을 담은 포트폴리오를 추천하는 서비스를 다음달 선보일 예정이다. 1~2개 종목은 장기 추천종목, 매월 3개 종목은 단기 추천종목으로 담은 포트폴리오를 매일 업데이트한다. 황 대표는 ""유료고객을 대상으로 라이브 방송도 계획하고 있다""며 ""이들에게 신뢰받을 수 있는 리서치업체로 거듭날 수 있는 방향으로 서비스를 연구하고 있다""고 말했다.   앞으로 건전한 투자문화에 보탬이 되는 것이 그의 포부다. 황 대표는 ""투자에 대한 교육을 받지 못했거나 자금이 부족해 투자하지 못하는 이들에게 도움을 주는 것이 리서치업체가 할 수 있는 사회적 선행""이라며 ""탄탄하게 자리 잡은 다음 무료 투자 서비스를 제공하고 싶다""고 전했다.  
]"
2023-07-16 08:54:01,[선데이머니 카페] 바닥 찍고 반등…‘바이오의 시간’ 다시 오나,https://n.news.naver.com/mnews/article/011/0004214519?sid=101,"[
美물가 상승 둔화에 투심 꿈틀‘KRX 바이오 뉴딜지수’ 우상향8월 액티브 바이오 ETF 줄상장셀트리온 등 실적 고성장 전망



[서울경제] 미국 물가 상승률이 2년 3개월 만에 최저 수준으로 떨어지면서 추가 긴축 우려가 줄자 바이오주가 꿈틀거리고 있습니다. 증권가에서는 하반기 금리 인하 기대감이 커지고 셀트리온(068270) 합병 등 기업 개별적인 호재가 잇따르면서 바이오주 투자에 관심 가질 만한 시기라고 조언했습니다.━‘KRX 바이오 뉴딜지수’ 우상향16일 한국거래소에 따르면 ‘KRX 바이오 K-뉴딜지수’는 12일부터 14일까지 3일 연속 상승해 도합 4.96% 오른 1755.17에 거래를 마쳤습니다. 이 지수는 셀트리온 3사, 삼성바이오로직스(207940), SK바이오사이언스 등 국내 대형 바이오·제약 상장사로 구성됐습니다. 이 지수는 6월 2일 1899에서 이달 10일 1648까지 13.2% 급락한 바 있습니다.바이오주 개별 종목 주가도 강세를 보이고 있습니다. 12일부터 14일까지 셀트리온제약(068760)은 27.1% 급등했고 SK바이오팜(326030)(3.8%), 삼성바이오로직스(2.9%), 셀트리온헬스케어(091990)(12.68%), 셀트리온(7.91%) 등도 지수 상승률을 웃도는 상승 폭을 기록했습니다. 온기는 중소형 제약·바이오주로도 번졌습니다. 선천적 심장 기형 수술(폰탄) 환자를 대상으로 신약을 개발 중인 메지온이 8.63% 급등했고 JW중외제약, 일동제약도 불기둥을 그렸습니다. 이날 바이오·제약·바이오시밀러 업종 60개 종목 중 80%인 50개 종목이 상승 마감했습니다. ━美 긴축 완화 기대감…대형 바이오주 개별 호재도미국의 긴축 기조가 재차 강화될 조짐을 보이던 중 6월 소비자물가지수가 예상치를 밑돌았다는 점이 바이오주를 끌어올린 것으로 분석됩니다. 12일(현지시간) 밤 미국 노동통계국은 6월 CPI 상승률이 전년 동기 대비 3.0%로 5월의 4.0%에서 둔화됐다고 밝혔습니다. 이는 2021년 3월(2.6%) 이후 최저입니다. 시장 예상치(3.1%)도 밑돌았습니다. 시장에서는 미국 연방준비제도(Fed·연준)가 연내 두 차례에 걸쳐 금리를 다시 올릴 수 있다는 관측이 나왔지만 물가가 빠르게 안정세를 찾자 인상이 한 차례에 그칠 것이라는 의견에 힘이 실리고 있습니다. 신약 개발 등을 위해 대규모 자금 차입이 필수적인 바이오 업체들의 자금 조달이 더 수월해질 수 있다는 분석에 자금이 바이오주로 쏠렸다는 관측입니다.대형 바이오주를 중심으로 개별적인 호재가 연달아 쏟아지고 있습니다. 셀트리온은 상장 계열사(셀트리온·셀트리온제약·셀트리온헬스케어)의 합병 소식이 투자심리를 자극했습니다. 이날 셀트리온 3사는 각각 “사업 회사 간 합병에 대한 검토를 진행 중”이라며 합병 주간사 선정을 완료했다는 내용도 함께 공시했다. 셀트리온 3사의 합병은 경영 효율성 및 회계 투명성이 극대화돼 글로벌 시장 진출이 본격화될 수 있다는 점에서 그룹의 숙원 사업이었습니다.



셀트리온 본사 전경. /사진 제공=셀트리온삼성바이오로직스는 자회사 삼성바이오에피스의 휴미라 바이오시밀러 ‘하드리마’가 미국 주요 의약품급여관리업체(PBM)에 등재를 마쳤다는 소식이 호재였습니다. 휴미라는 류머티즘 관절염, 소아 특발성 관절염 등 자가면역질환 치료제로 지난해 특허가 만료돼 이달 1일부터 하드리마를 포함해 8종의 바이오시밀러가 미국에 진출했습니다. 미국은 사보험이 주를 이루는 보건의료 체계를 가지고 있어 사보험사가 계약한 PBM에 의약품이 등재돼야 본격적인 매출이 발생할 수 있습니다.



삼성바이오로직스 바이오 2캠퍼스 조감도. /사진 제공=삼성바이오로직스여기에 최근 인공지능(AI) 열풍이 의료기기 업체들로 확산하면서 기대감을 키우고 있습니다. 올 해 1월 2일부터 12일까지 루닛(328130)(513.76%)과 뷰노(338220)(396.79%), 제이엘케이(322510)(455.24%) 등은 해외에서 기술력을 인정받으며 주가가 급등했습니다. 증권업계 전문가들은 이들 기업의 주가가 이미 많이 올랐지만, 글로벌 의료 AI 시장 규모가 가파르게 확대되면서 실적 개선 추세가 이어질 것으로 예상하고 있습니다. 실제로 시장조사기관 마켓앤마켓에 따르면 글로벌 의료 AI 시장 규모는 2018년 21억 달러(약 2조 7000억 원)에서 2025년 362억 달러(약 47조 원)까지 확대될 전망입니다. ━8월 바이오 액티브 ETF 줄상장바이오 업종 주가가 바닥을 치고 다시 반등할 것으로 전망한 자산운용사들은 관련 액티브 상장지수펀드(ETF) 출시에 나섰습니다. 금융투자 업계에 따르면 타임폴리오자산운용과 삼성액티브자산운용은 8월 중 각각 ‘TIMEFOLIO K 바이오액티브 ETF’와 ‘KoAct 바이오헬스케어액티브 ETF’를 상장할 예정입니다. 현재 거래소에는 바이오 관련 종목을 담은 패시브 ETF가 14개 상장돼 있지만, 펀드매니저가 투자 종목과 비중을 조정하며 초과 수익을 얻는 액티브 형태로 상품이 출시되는 것은 이번이 처음이다.타임폴리오자산운용의 ‘TIMEFOLIO K바이오액티브 ETF’는 거래소가 개발한 ‘KRX 바이오 지수’를 기초로 암 질환 중심으로 AI 플랫폼을 개발하는 기업인 루닛, 뇌졸중 의료 AI 솔루션 분석을 도입한 제이엘케이, AI를 기반으로 심정지를 예측하는 뷰노 등 국내 AI 의료기기 관련 종목을 주로 편입할 계획입니다. 삼성액티브자산운용의 ‘KoAct 바이오헬스케어액티브 ETF’도 국내 바이오 헬스케어 관련 종목을 담을 것으로 알려졌습니다.서근희 삼성증권 연구원은 “국내 바이오주들은 기업가치상 개선된 부분이 많은 데다 금리가 낮아지는 방향에서 성장주에 대한 선호도가 높아진다면 주가가 언제든 오를 수 있는 상황”이라며 “기업 개별적인 호재 역시 아직 주가에 충분히 반영되지 않아 긍정적인 흐름이 강화된다면 언제든 추가 반영이 가능하다”고 말했습니다.권해순 유진투자증권 연구원은 “국내 제약 바이오 산업은 올 하반기를 변곡점으로 2024년부터 실적 고성장이 예상된다”며 “최근 주가 하락으로 대형주인 삼성바이오로직스와 셀트리온, 셀트리온헬스케어의 투자 매력이 부각되고 있으며 유한양행(000100), 오스코텍(039200), 알테오젠(196170), 에스티팜(237690) 등도 내년 실적 고성장이 전망된다”고 했습니다.




]"
2023-07-12 16:44:03,"[단독] ""턴어라운드 기대""…바이오 '액티브 ETF' 내달 첫 출격",https://n.news.naver.com/mnews/article/011/0004213177?sid=101,"[
타임폴리오·삼성액티브운용 8월 상장 예정루닛·뷰노·제이엘케이 등 의료용 AI주 편입연말 금리 인하로 바이오 투심 개선 기대내년부터 셀트리온 등 실적 고성장 전망



사진=이미지투데이[서울경제] 시중 금리가 안정화 국면에 들어서고 최근 증시를 달군 의료용 인공지능(AI) 관련주의 인기와 바이오 업종에 대한 투자심리가 바닥을 쳤다는 기대감에 자산운용사들이 관련 액티브 상장지수펀드(ETF) 출시에 나섰다.12일 금융투자 업계에 따르면 타임폴리오자산운용은 8월 초 ‘TIMEFOLIO K 바이오액티브 ETF’를 상장하기로 했다. 삼성액티브자산운용 역시 8월 중 ‘KoAct 바이오헬스케어액티브 ETF’를 상장할 예정이다. 현재 거래소에는 바이오 관련 종목을 담은 패시브 ETF가 14개 상장돼있지만, 펀드매니저가 투자 종목과 비중을 조정하며 초과 수익을 얻는 액티브 형태로 상품이 출시되는 것은 이번이 처음이다.타임폴리오자산운용의 ‘TIMEFOLIO K바이오액티브 ETF’는 거래소가 개발한 ‘KRX 바이오 지수’를 기초로 암 질환 중심으로 AI 플랫폼을 개발하는 기업인 루닛(328130), 뇌졸중 의료 AI 솔루션 분석을 도입한 제이엘케이(322510), AI를 기반으로 심정지를 예측하는 뷰노(338220) 등 국내 AI 의료기기 관련 종목을 주로 편입할 계획이다. 삼성액티브자산운용의 ‘KoAct 바이오헬스케어액티브 ETF’도 국내 바이오 헬스케어 관련 종목을 담을 것으로 알려졌다.자산운용업계가 바이오 관련 ETF 출시에 분주한 것은 최근 AI 열풍이 의료기기 업체들로 확산된 영향이 한 몫했다. 올 해 1월 2일부터 이날까지 루닛(513.76%)과 뷰노(396.79%), 제이엘케이(455.24%) 등은 해외에서 기술력을 인정받으며 주가가 급등했다. 증권업계 전문가들은 이들 기업의 주가가 이미 많이 올랐지만, 글로벌 의료 AI 시장 규모가 가파르게 확대되면서 실적 개선 추세가 이어질 것으로 예상하고 있다. 실제로 시장조사기관 마켓앤마켓에 따르면 글로벌 의료 AI 시장 규모는 2018년 21억 달러(약 2조 7000억 원)에서 2025년 362억 달러(약 47조 원)까지 확대될 전망이다.연말로 갈수록 기준 금리 인하 기대감이 커지면서 AI 의료업체 뿐 아니라 국내 바이오 산업 전반에 대한 투자 심리가 되살아날 것이란 관측도 출시 배경으로 꼽힌다. 바이오 기업들은 모험 자본을 공급받아야 연구·운영 자금을 조달할 수 있는데 고금리가 지속돼 주가를 짓눌러 왔다. 바이오 업종의 밸류에이션(실적 대비 주가 수준)이 과거 평균 수준을 하회하는 만큼 투자 메리트도 크다는 평가다. 올 들어 전날까지 디지털 헬스케어 지수를 제외한 코스피 200헬스케어(-11.51%), KRX 바이오 K-뉴딜지수(-7.19%) 등이 저조한 수익률을 보이고 있다. 정부가 바이오 업종에 세제 혜택 등 각종 지원책을 대거 꺼내들면서 유리한 환경이 조성되고 있다는 분석도 나왔다. 국무조정실은 최근 바이오를 ‘국가첨단전략산업’으로 추가 지정해 삼성바이오로직스(207940)·셀트리온(068270) 등이 시설 투자에 대해 최대 25%의 세액공제를 받을 수 있게 됐다.또 셀트리온과 삼성바이오에피스가 올해 말 혹은 내년 세계 매출 1위 의약품 ‘휴미라’ 바이오시밀러(바이오의약품 복제약)의 미국 처방약급여관리업체(PBM) 등재에 성공하는 등 대형주 호재가 가시화하면 제약바이오 업종 전체의 주가 흐름이 긍정적으로 바뀔 것이란 전망에도 힘이 실렸다.권해순 유진투자증권 연구원은 “국내 제약 바이오 산업은 올 하반기를 변곡점으로 2024년부터 실적 고성장이 예상된다”며 “최근 주가 하락으로 대형주인 삼성바이오로직스와 셀트리온, 셀트리온헬스케어(091990)의 투자 매력이 부각되고 있으며 유한양행(000100), 오스코텍(039200), 알테오젠(196170), 에스티팜(237690) 등도 내년 실적 고성장이 전망된다”고 말했다.
]"
2023-07-09 18:48:02,"큰손들, 금양·루닛·현대로템도 담았네",https://n.news.naver.com/mnews/article/015/0004865911?sid=101,"[
마켓 PRO 부자들의 추천종목대형 증권사 고액 자산가 고객들이 삼성전자와 포스코홀딩스 같은 2차전지 관련주를 지난주 집중 매수한 것으로 나타났다. 인공지능(AI) 기반 의료기업 루닛, 방산 관련주로 꼽히는 현대로템 등에도 이들의 매수세가 몰렸다.



9일 삼성증권에 따르면 이 증권사의 예탁금 10억원 이상 자산가들은 이달 3~7일 삼성전자를 가장 많이 순매수(154억원)했다. 2위는 포스코홀딩스(73억원), 3위는 금양(68억원)으로, 2차전지 관련주가 뒤를 이었다. 4위는 루닛(55억원)이었다. AI를 활용해 암 진단 솔루션을 제공하는 이 회사는 지난 5일 사우디아라비아가 추진하는 ‘가상병원’ 프로젝트에 참여한다는 소식이 전해지며 강세를 보였다. 5위는 현대로템(55억원)이었다. 최근 잇달아 조단위 철도 사업을 수주한 가운데 수소사업으로 포트폴리오를 확장하고 있다.



같은 기간 한국투자증권의 예탁금 10억원 이상 이용자가 가장 많이 순매수한 종목은 포스코홀딩스(57억원)였다. 셀트리온은 43억원으로 순매수 2위였고, 에코프로비엠이 35억원으로 3위였다.미래에셋증권의 투자 수익률 상위 1% 고객이 가장 많이 사들인 종목은 이수페타시스였다. 이수페타시스는 반도체 기판 제조업체로 업황 개선 기대와 주요 고객사인 엔비디아의 성장세 등으로 매수세가 몰리고 있다. 에코프로비엠, 뷰노, 에코프로 등이 그 뒤를 이었다.
]"
2023-07-09 10:23:14,코스닥 주간 외국인 순매도 1위 '루닛',https://n.news.naver.com/mnews/article/018/0005525995?sid=101,"[
			[이데일리 김보겸 기자]




]"
2023-07-05 18:02:11,"""바이든, 빈 살만도 홀렸다""…루닛의 질주 [마켓플러스]",https://n.news.naver.com/mnews/article/215/0001111649?sid=101,"[
""바이든, 빈 살만도 홀렸다""…루닛의 질주전선 넓히는 美中 갈등…""이번엔 광물이다""공정위 '갑질 조사'…엔터사 ""나 떨고 있니?""[기자]오늘 증시에서 눈에 띄는 흐름을 보이면서 투자자들의 눈길을 잡았던 뉴스들을 살펴보겠습니다..마켓플러스 첫번째 픽은 바로 이 뉴스입니다. '바이든, 빈 살만도 홀렸다. 루닛의 질주'를 첫 번째 뉴스로 가져왔습니다.AI 의료기업 루닛은 사우디아라비아의 국가 전략 사업 '비전 2030'에 참여한다고 오늘 발표했습니다.루닛이 참여하는 '가상병원 프로젝트'는 사우디 아라비아 전역의 의료기관에 의료 AI를 도입하는 프로젝트입니다.사우디 정부는 의료 인프라 구축을 위해 우리 돈으로 약 86조 원을 투자하고, 민간부문 참여를 65%로 확대할 계획인데요.현재 루닛은 사우디 보건부 산하의 공공 의료 가상 병원에 흉부 엑스레이 등을 AI로 분석하는 솔루션을 설치했다고 전했습니다.루닛은 앞서 바이든 미국 대통령이 추진하는 암 정복 프로젝트 '캔서 문샷'(Cancer Moonshot)에도 국내 기업 가운데 유일하게 참여한다고 밝혔는데요.이처럼 주요국들의 프로젝트에 루닛이 참여하자, 루닛의 주가도 급등하고 있습니다.오늘만 전 거래일 대비 12.50% 상승한 루닛의 주가는 올해 들어 534% 올랐습니다. 7개월 여만에 6배 넘게 오른 겁니다.서범석 루닛 대표는 이날 ""프로젝트의 경제적 효과가 막대할 것으로 전망된다""며 ""수익성이 높은 중동 의료시장을 적극 공략하겠다""고 말했습니다.두번째 픽입니다. 두 번째 픽은 '전선 넓히는 美中 갈등, 이번엔 광물이다'로 준비 했습니다.미국과 중국 간의 '반도체 전쟁'이 점차 격화되는 모양새입니다.미국은 지난 2018년부터 중국을 대상으로 반도체 주요 장비와 첨단기술 수출을 규제해 왔는데요.중국이 이에 대한 카운터 펀치로, 반도체 제조에 필요한 갈륨, 게르마늄과 같은 주요 광물의 수출을 제한하겠단 카드를 날린 겁니다.여기에 더해 중국은 관영매체를 통해 ""환경을 희생해가며 주요 희토류를 공급하고 있다""며 희토류를 규제 항목에 더할 수 있다는 가능성을 내비쳤습니다.중국이 전세계 희토류의 70%를 생산하는 만큼, 중국은 과거에도 희토류를 외교 압박 카드로 활용해 왔습니다.유럽 주요국들도 중국의 자원 압박에 긴장한 가운데, 국내 증시에선 광물 관련 테마주의 강세가 어제오늘 이어지고 있습니다.한편 중국의 갈륨과 게르마늄 수출 통제 조치는 다음달 1일부터 진행됩니다.마지막 픽입니다. 마지막 픽은 '공정위 갑질 조사'…엔터사 ""나 떨고 있니?""로 준비했습니다.공정거래위원회는 대형 연예기획사들을 대상으로 불공정 하도급 거래, 즉 '갑질'이 있었는지, 없었는지 조사 중입니다.공정위는 앨범이나 굿즈를 만드는 과정에서 외주업체에 부당한 특약을 넣었거나, 대금을 늦게 준 건 아닌지 등을 들여다본 것으로 전해졌는데요.현재 공정위는 하이브, 에스엠, 와이지엔터테인먼트를 대상으로 현장 조사를 벌였고, JYP와 카카오엔터테인먼트에 대해서도 조사를 진행할 계획으로 알려졌습니다.이 같은 소식이 전해지며 와이지를 제외한 국내 엔터주의 주가는 일제히 하락세를 보이고 있습니다.다만 증권업계에선 이번 조사가 단기 악재로 그칠 가능성도 있을 만큼, 상황을 지켜봐야 한다고 조언했습니다.증권업계 관계자는 ""국내 엔터주의 하반기 실적은 매우 견조할 것으로 전망된다""며 ""공정위 차원에서 어떤 결과가 나올진 확정이 안됐지만, 저가 매수 기회가 될 수 있다""고 말했습니다.오늘 마켓플러스 준비한 순서는 여기까지입니다. 증권부 정호진이었습니다.
		]"
2023-07-05 16:34:01,"[주가동향] ""187에 탑승했는데 잘한건가요"" 루닛 주가 고점 앞두고 개미 의견 분분",https://n.news.naver.com/mnews/article/123/0002309841?sid=101,"[
루닛 주가 20만원 임박고점 앞두고 개미 의견 분분언론보도 힘입은 급등 패턴개인투자자 대량 순매수세 



◆…루닛 사옥 내부 조형물. [사진=루닛 제공]루닛 주가가 12% 이상 상승해 주당 20만원을 앞둔 상황에서 개인투자자들의 의견이 분분하다.   루닛은 5일 코스닥 시장에서 전날 대비 12.50% 상승한 18만9000원에 장을 마쳤다. 이날 루닛이 사우디아라비아 국가전략사업 '비전 2030'의 핵심 과제인 'SEHA 가상병원' 프로젝트에 참여한다는 소식이 알려지면서 장중 한때 19만6700원에 거래되기도 했다.   루닛 주식 가격은 올해 들어 500% 넘게 상승했다. 종가 기준으로 지난 1월 2일 2만8850원에서 이날 18만9000원까지 555% 뛰었다.   네티즌들은 루닛 주가가 고점인지에 대해 열띤 토론을 펼치고 있다. 이날 한 온라인 주식토론방에서 ""18만7000원에 탑승했는데 잘한건가요""라는 질문이 올라오자 ""잘 탔네요"" ""기다리세요 웃는날 옵니다"" 라는 댓글이 달렸으며, ""18만7000원은 좀..."" ""아니요 너무 높습니다""라는 의견도 나왔다.   루닛 주가는 최근 한 달간 긍정적인 언론보도에 힘입어 급등하는 패턴을 반복하고 있다.   루닛 주가는 지난달 26일 루닛의 AI 영상분석 솔루션이 일본 보험급여 대상으로 공식 인증됐다는 사실이 알려지면서 21.24% 상승했다. 지난 6월 20일 미국 암 정복 프로젝트 캔서문샷에 참여한다는 소식에 29.92% 급등하며 상한가를 기록했다.   루닛의 일일 거래량은 지난 6월 20일부터 크게 증가해 거래가 활성화됐다. 기존 몇십만주 수준에서 최근 1~3백만주까지 늘어났으며, 금액으로 따지면 매일 수천억원어치의 루닛 주식이 거래되고 있다.   개인투자자는 루닛 매매가 활성화된 시점에 외국인과 기관이 던진 루닛 물량을 받아갔다. 지난 6월 20일부터 7월 4일까지 루닛 주식을 1484억원 순매수했다. 



◆…루닛의 일일 거래량은 지난 6월 20일부터 크게 증가해 거래가 활성화됐다. 금액으로 따지면 매일 수천억원어치의 루닛 주식이 거래되고 있다. 자료는 루닛의 최근 한 달간 시세 추이. [출처=한국거래소]
]"
2023-07-05 14:12:01,3만원→18만원된 루닛…초기 투자자 팔았는데도 주가 ‘고공행진’,https://n.news.naver.com/mnews/article/243/0000047094?sid=101,"[
루닛 2대 주주 웰어라이크 60만주 장내매도향후 초기 투자자 등 차익 실현 가능성 존재사우디 ‘가상병원’ 프로젝트 참여에 주가 ‘쑥’



루닛 주가가 초기 투자자의 매도에도 사우디아라비아 가상병원 설립 기대감 등에 고공행진하고 있다. [사진 루닛][이코노미스트 마켓in 홍다원 기자] 의료 인공지능(AI) 기업 루닛 주가가 치솟으면서 초기 투자자가 차익 실현에 나섰다. 상장 당시보다 주가가 5배 이상 오르면서 추가적인 매도가 이어질 가능성도 있다. 다만 초기 투자자의 매도에도 루닛이 사우디아라비아 프로젝트에 참여한다는 소식에 주가는 고공행진하고 있다. 증권가에선 루닛 목표 주가를 20만원으로 제시하면서 향후 주가 전망에 관심이 집중되고 있다. 



5일 한국거래소에 따르면 오후 1시 43분 기준 루닛은 전 거래일 대비 7.74%%(1만3000원) 오른 18만1000원에 거래되고 있다. 장중 10% 이상 치솟기도 했다. 루닛이 사우디아라비아의 국가 전략 사업인 비전 2030의 핵심 과제 ‘SEHA 가상병원’(SEHA Virtual hospital) 프로젝트에 참여한다고 밝히면서 기대감이 반영된 것으로 보인다.루닛은 인공지능(AI) 기반 흉부 엑스레이 영상분석 솔루션을 사우디아라비아 전역의 국공립 가상병원에 공급하게 된다. 사우디아라비아는 디지털 기술을 활용해 가상병원을 구축하는 것이 목표다.루닛이 중동 의료시장을 공략하겠다는 기대감이 커지면서 전날 이뤄진 초기 투자자의 장내 매도는 주가에 영향을 주지 않는 모습이다. 통상 초기 투자자 또는 대주주의 주가 매도는 고점으로 인식돼 투자 심리를 끌어내릴 수 있다. 웰어라이크는 루닛 상장 당시 2대 주주였다. 금융감독원 전자공시시스템에 따르면 루닛은 홍콩 투자 기업 웰어라이크(Well Alike Limited)가 보유했던 루닛 주식 59만8930주를 장내 매도했다고 지난 4일 공시했다. 매도 규모는 1000억원에 달한다. 웰어라이크의 지분율은 기존 6.45%에서 1.50%로 쪼그라들었다.웰어라이크는 지난 6월 26일부터 7월 4일까지 일곱 차례에 걸쳐 루닛 주식을 팔아치웠다. 최소 처분 단가는 14만7669원에서 최대 18만2770원이다. 루닛이 상장 이후 빠르게 기업 가치를 불린 만큼 차익을 노린 투자자가 주식을 일부 매도한 것으로 보인다. 루닛은 지난해 7월 공모가 3만원으로 상장했으나, 현재 주가는 18만원에 달한다. 시가총액은 상장한지 1년이 되지 않아 2조원을 돌파했다. 상장 이후 루닛 주가는 500% 오른 셈이다. 웰어라이크는 루닛의 초기 투자자다. 루닛이 시리즈B를 유치한 2018년 6월부터 투자를 집행해왔다. 같은 해 진행된 시리즈B 플러스(+)와 이듬해 추진한 시리즈C, 이후 상장 전 지분 투자(프리IPO)에도 투자자로 참여했다.웰어라이크가 이번에 매도한 주식은 시리즈B와 시리즈B+에 해당하는 물량이다. 모두 보호예수기간이 끝났고, 투자기간은 4~5년 정도다. 시리즈C 또한 보호예수기간이 종료됐다. 프리IPO 물량은 보호예수기간이 종료되지 않았다.웰어라이크는 시리즈C와 프리IPO 물량의 보호예수기간이 끝나도 해당 물량을 보유할 예정인 것으로 알려졌다. 루닛 관계자는 “웰어라이크는 투자 전략에 따라 주식을 매도한 것으로, 루닛에 안내문을 보내 이번 매도가 (웰어라이크의) 투자 목적에 따라 불가피하게 진행됐다고 밝혔다”고 설명했다.실제 이 회사는 루닛이 지난해 7월 상장한 이후 3개월 뒤 시리즈B와 B+, C 물량의 보호예수기간이 끝났어도 주식을 매도하지 않았다. 상장 3개월 당시 루닛 주가 흐름은 지지부진했다. 공모가를 밑도는 2만원대에서 거래됐다. 웰어라이크가 루닛의 성장성에 주목하면서 주가 흐름을 지켜 본 것으로 보인다. 다만 앞으로는 추가적인 지분 처분 가능성도 무시할 수 없다. 아직 웰어라이크가 보유한 주식 18만5061주가 남은 데다가 루닛 주가가 지속적으로 오르고 있어서다. 증권가 “루닛 목표 주가 20만원” 



루닛의 3차원(3D) 유방단층촬영술 인공지능(AI) 영상 분석 솔루션 ‘루닛 인사이트 DBT’. [사진 루닛]증권가에선 루닛 주가가 연초 대비 455% 이상 급등했지만 앞으로의 성장 가능성에 집중하고 있다. 김충현 미래에셋증권 연구원은 “루닛은 글로벌 의료 AI 대장주로 현재 주가는 고평가돼 밸류에이션(기업가치) 부담이 있다”면서도 “최근 일본시장에서 보험급여 가산대상으로 인증받았고, 유럽에서유방암 판독보조 솔루션 공급계약을 체결한 것도 긍정적”이라고 설명했다. 김민정 DS투자증권 연구원은 “암 진단 영상 판독 솔루션인 루닛 인사이트의 2027년 예상 매출을 약 799억원에서 1091억원으로 상향 조정한다”면서 “루닛의 기업 가치는 AI 추가 등재 혹은 루닛인사이트MMG B2G 계약 등에 상향 조정될 수 있다”고 설명했다. DS투자증권은 루닛 목표 주가를 기존 13만7000원에서 20만원으로 올려잡고 투자 의견 ‘매수’를 유지했다.
		]"
2023-07-05 12:19:52,"'나홀로 질주' 에코프로·루닛, 800% 올랐는데…""지금 사도 될까?""",https://n.news.naver.com/mnews/article/008/0004908159?sid=101,"[
[오늘의 포인트]에코프로, 루닛 등 일부 종목 쏠림 가속화



코스피가 전 거래일 대비 22.64포인트(1.02%) 오른 2237.86으로 상승, 코스닥이 20.67포인트(3.02%) 오른 706.01로 상승 마감, 원/달러 환율이 7.7원 내린 1402.4원으로 마감한 6일 서울 중구 하나은행 딜링룸 전광판에 지수가 표시돼 있다. /사진=김휘선 기자 hwijpg@올초 시작된 에코프로와 루닛의 질주가 멈출 기미를 보이지 않는다. 개인투자자들의 매수세가 주가를 끌어올리는 바탕이다. 해외 증시처럼 국내도 수급 집중도가 높은 일부 종목 쏠림이 지속되고 있는데, 두 종목이 핵심이다. 그러나 증권가에서는 성장성은 유효하지만 실제 실적이 뒷받침될지는 미지수라며 다소 조심스럽게 접근하고 있다. 5일 오전 11시 59분 에코프로는 전 거래일보다 5만1000원(5.76%) 오른 93만7000원에 거래 중이다. 장중 95만8000원까지 터치하며 역대 최고가 기록을 경신했다. 같은 시간 에코프로 그룹주인 에코프로비엠(2.19%)과 에코프로에이치엔(3.01%)도 나란히 상승 중이다. 70만원대에서 횡보하는 듯 하던 에코프로 주가는 지난 3일(현지시간) 테슬라발 훈풍에 급격히 가속 페달을 밟고 있다.  외신에 따르면 테슬라의 올해 2분기 차량 인도 대수는 46만60000대다. 이는 전년 동기 대비 83% 증가한 수치로, 시장이 예상치 못한 깜짝 실적이다. 이에 관련 수혜주인 에코프로도 지난 3일 20.42% 급등해 처음 90만원대를 돌파했다.에코프로의 질주가 지속되면서 100만원 돌파 기대감도 무럭무럭 피어오른다. 특히 고평가 논란 속 한 차례 주춤했던 것을 뚫고 올라선 터라 투자자들의 이목이 집중된다.  증권가에서는 지난 5월부터 에코프로에 대해 꾸준히 경고음을 내왔다. 당시 하나증권은 에코프로에 대해 ""추가 상승 여력이 제한적""이라며 '매도' 의견을 냈다. 김현수 연구원은 ""에코프로의 장기적 성장 속도는 확고하지만 성장 속도의 점진적인 둔화는 불가피하다""며 목표주가도 현저히 낮은 45만원으로 제시했다. 무서운 급등세를 보이는 것은 루닛도 마찬가지다. 이날 루닛도 같은 시간 전 거래일보다 1만6900원(10.06%) 올라 18만4900원을 기록 중이다. 루닛 주가를 이끄는 재료는 사우디아라비아 가상병원 프로젝트 참여 소식이다. 이날 루닛은 사우디아라비아 국가 전략 사업 '비전2030'의 핵심과제 'SEHA 가상병원' 프로젝트에 참여한다고 밝혔다. 이 프로젝트는 사우디 전역 의료 기관에 의료 AI(인공지능) 등 디지털 기술을 활용한 가상 병원을 도입을 목표로 한다.루닛은 해당 프로젝트 참여를 위해 보건부(MoH) 산하 세계 최대 규모 공공의료 가상병원에 흉부 엑스레이 AI 영상분석 솔루션 '루닛 인사이트 CXR'와 유방촬영술 AI 영상분석 솔루션 '루닛 인사이트 MMG'를 설치한 것으로 알려졌다.다만 증권가에서는 이들 기업에 조심스러운 태도를 보인다. 특히 루닛은 아직 적자 상태를 벗지 못했다. 편중된 특정고객사 매출의존도도 문제다. 김충현 미래에셋증권은 ""루닛은 올해 194억원의 영업적자를 기록할 것으로 예상한다""며 ""현 주가는 글로벌 동종업계 평균대비 고평가""라고 언급했다. ━코스닥 '쏠림현상'…""개인 투자자 주목""━



임종철 디자인기자 /사진=임종철 디자인기자에코프로·루닛을 포함한 일부 종목이 이슈 없는 시장에서 나홀로 질주를 이어가면서 코스닥 지수도 견인하고 있다.  코스닥 지수는 올해 들어 30% 넘게 올랐다. 같은 기간 코스피 지수가 15% 안팎 상승한 것 대비 2배 높은 수익률이다. 올해 에코프로와 루닛 등이 각각 800%, 500% 넘게 급등한 여파가 크다.  증권가는 일부 종목의 나홀로 강세를 수급 쏠림 탓으로 해석한다. 특히 개인의 입김이 센 코스닥 시장의 경우 개인투자자가 주목하는 종목의을 눈여겨 봐야 한다고 입을 모은다. 실제 개인 투자자는 올해 들어 지난 4일까지 에코프로를 1조6570억원, 루닛을 2870억원 순매수했다.이진우 메리츠증권 투자전략팀장은 ""쏠림은 주식시장에서 빈번하게 관찰되는 현상이지만 올해 상반기는 유독 빠르고 강하게 진행되는 듯 하다""며 ""펀더멘털 뿐만 아니라 수급적 쏠림이 이들 주가에 영향을 미친 것은 아닌지 들여달 볼 필요가 있다""고 말했다. 이 팀장은 ""코스닥의 경우 개인투자자들의 수급 집중도가 높은 기업이 주가 등락이 상대적으로 클 가능성이 높다""며 ""개인 영향력이 높은 기업 리스트를 참고하는 등 수의 관점에서 개별 종목에 접근에 참고해봐야 한다""고 설명했다. 
]"
2023-07-05 09:34:56,"루닛, 사우디 가상병원 프로젝트 참여…""중동 의료시장 공략""",https://n.news.naver.com/mnews/article/001/0014045548?sid=102,"[




사우디아라비아 보건부 산하 가상 병원 의료 현장[루닛 제공. 재판매 및 DB 금지](서울=연합뉴스) 김현수 기자 = 의료 인공지능(AI) 기업 루닛은 사우디아라비아 국가 전략 사업 '비전 2030'의 핵심 과제인 'SEHA 가상병원' 프로젝트에 참여한다고 5일 밝혔다.    루닛에 따르면 SEHA 가상병원 프로젝트는 사우디 전역 의료 기관에 의료 AI 등 디지털 기술을 활용한 가상 병원을 도입하고 양질의 의료 서비스를 제공하는 것을 목표로 한다.    사우디 정부는 의료 인프라 구축을 위해 총 660억 달러(한화 약 86조원)를 투자하고 민간 부문 참여를 65%로 확대할 계획이라고 루닛은 설명했다.    루닛은 프로젝트 참여를 위해 사우디 보건부 산하 공공 의료 가상 병원에 흉부 엑스레이 AI 영상 분석 솔루션 '루닛 인사이트 CXR' 및 유방 촬영술 AI 영상 분석 솔루션 '루닛 인사이트 MMG'를 설치했다고 밝혔다.    루닛은 오는 11월까지 AI 솔루션의 임상적 안전성과 유효성을 확인하고 제품 성능 평가를 진행할 예정이다. 성능 평가가 성공하면 사우디 전역의 170개 국공립 가상 병원에서 '국가 암 검진 및 결핵 검사' 프로그램에 제품이 활용될 예정이다.    서범석 루닛 대표는 ""프로젝트의 경제적 효과가 막대할 것으로 전망되는 가운데 루닛이 SEHA 가상병원 프로젝트에 본격 참여하는 만큼, 수익성이 높은 중동 의료시장을 적극 공략하겠다""고 말했다.    hyunsu@yna.co.kr
]"
2023-07-04 18:29:03,"주가 하늘 찌르던 루닛, 2대주주 1000억원 규모 장내 매도 영향은? [Why 바이오]",https://n.news.naver.com/mnews/article/011/0004209983?sid=101,"[
홍콩 투자사 'WELL ALIKE LIMITED'60만주 1000억원 규모 장중 매도美가던트 헬스 2대 주주 상향 전망""루닛 기업 가치·전략 변화와 무관""



루닛 본사 사무실 내부 모습. 사진 제공=루닛[서울경제] 연일 거듭해 신고가를 경신하던 의료 인공지능(AI) 기업 루닛의 2대주주가 '엑시트'에 나섰다. 이날 루닛의 시가 총액이 다시 2조 원을 회복한 가운데, 초기 투자 주주가 1000억 원 수준의 지분 매각에 따라 향후 시장 반응에 이목이 쏠린다.4일 루닛은 홍콩 기반의 투자회사 'WELL ALIKE LIMITED'가 루닛의 주식 일부를 장내 매도했다고 공시했다. WELL ALIKE LIMITED는 상장 당시 루닛의 주식 78만 3991주, 지분 6.45%를 보유한 2대 주주였다. 이번 매각으로 WELL ALIKE LIMITED의 지분율은 1.50%로 줄어들었다.WELL ALIKE LIMITED는 6월 26일부터 7월 4일까지 7차례에 걸쳐 59만 8930주의 주식을 장내 매도했다. 처분 단가는 7월 3일 최저 14만 7669원에서 6월 29일은 최대 18만 2770원이었다. 이 기간 루닛은 6월 28일 장중 최고가 20만 원을 기록하기도 했다. WELL ALIKE LIMITED의 처분 자금을 종합하면 996억 1387만 원 수준이다.루닛 관계자는 ""이번 매도는 WELL ALIKE LIMITED의 투자 전략에 따른 것이며, 기업가치 및 미래 전략 변화 등 루닛의 내부 사정과는 무관하게 진행된 것""이라며 ""WELL ALIKE LIMITED 측에서도 루닛 측에 별도 안내문을 보내 이번 매도는 투자 목적에 따라 불가피하게 진행된 사안인 점을 밝혔다""고 설명했다.루닛에 따르면 WELL ALIKE LIMITED는 2018년 6월 시리즈 B를 시작으로 2019년 9월 시리즈 B+, 2019년 12월 시리즈 C, 그리고 2021년 11월 프리IPO까지 총 4차례에 걸쳐 투자를 집행했다. 이번 매각 주식은 투자기간이 5년이 경과된 시리즈 B주식, 2019년 9월에 투자해서 투자기간이 4년이 가까워지는 시리즈B+ 주식에 대해서만 매도했다. 2022년 7월 21일 상장 당시 시리즈 B, B+, C 단계 주식들의 보호예수기간이 모두 끝났음에도 불구하고 그동안 한주도 매각을 하지는 않았다.



유방촬영술 AI 영상분석 솔루션 '루닛 인사이트 MMG'으로 환자를 검진하고 있다. 사진 제공=루닛루닛은 2018년과 2019년 시리즈 B와 시리즈 B+를 통해 218억 원을 투자 유치했다. 당시 루닛의 기업가치는 1000억 원대로 알려졌다.WELL ALIKE LIMITED의 매각에 따라 가던트 헬스가 루닛의 2대 주주에 오를 전망이다. 가던트헬스는 77만 5000주를 보유해 6.32%의 지분율을 확보하고 있었다. 가던트 헬스는 시리즈C에서 루닛에 300억 원을 투자하며 주요 주주 및 전략적 사업 파트너로 관계를 시작했다.한편, 이날 루닛의 주가는 16만 8000원으로 전날보다 12.9% 올라 장마감했다. 루닛의 주가는 6월 28일 20만 원을 정점으로 지난 일주일 간 5.9% 하락하긴 했지만, 3개월간 288.8%가 급등한 상황이다.



◇Why 바이오 코너는 증시에서 주목받는 바이오 기업들의 이슈를 전달하는 연재물입니다. 주가나 거래량 등에서 특징을 보인 제약·바이오 기업에 대해 시장이 주목한 이유를 살펴보고, 해당 이슈에 대해 해설하고 전망합니다. 특히 해당 기업 측 의견도 충실히 반영해 중심잡힌 정보를 투자자와 제약·바이오 산업 관계자들에게 전달합니다./이재명 기자 nowlight@sedaily.com
]"
2023-07-03 16:28:29,"88억 스톡옵션이 '1127억'…주가 5배 뛴 루닛, 임직원도 돈방석",https://n.news.naver.com/mnews/article/008/0004907195?sid=101,"[
현 평가수익률 1180%…평가차익 1039억원 ""석달만에 작년 매출 벌었다"" 실적, 주가 견인의료 AI(인공지능) 기업 루닛의 주가가 올들어서만 5배로 뛰었다. 이에 따라 스톡옵션(주식매수선택권)을 보유 중인 임직원들도 향후 스톡옵션 행사로 적잖은 차익을 올릴 기회를 얻었다. 이들의 스톡옵션 행사가는 현 주가의 최대 6분의1 수준에 불과하다. 또 이들이 당장 주식으로 전환할 수 있는 스톡옵션도 미행사수량의 절반이나 된다. 



3일 금융감독원 전자공시시스템에 따르면 작년 7월 상장한 루닛이 2016년부터 임직원들에 부여한 스톡옵션 중 지난 3월 말까지 행사되지 않은 물량은 총 77만47주다. 이중 현 시점 행사가 가능한 스톡옵션 물량이 30만7121주로 40%를 차지한다. 상장 후 2~3년간 보호예수를 결정한 서범석 대표, 김기환 이사(CMO), 박현성 이사(CFO), 옥찬영(CMO) 등 본사 경영진이 보유한 스톡옵션은 제외한 물량이다. 스톡옵션 행사가는 △2000년 4월부터 자격을 얻은 물량 500원 △2021년 1월과 3월분 1100원이나 1800원 △2021년 7월분 1100원 △2021년 11월분 2800원 △2022년 6월분 1만원 △2022년 11월과 2023년 3월분 1만4000원이다. 내년 10월부터 주식 전환 자격이 주어지고, 보호예수가 설정되지 않은 스톡옵션 물량의 행사가도 2만3250원이다. 모두 현 루닛 주가에 크게 못미치는 수준이다.루닛 주가는 지난달 30일 4만6300원(종가)이었다. 지난주 2일 연속 17만원대까지 올라갔다 내려오긴 했지만, 올초와 비교할때 여전히 높다. 작년 말 루닛 종가는 2만9800원이다. 루닛 현 주가 대비 스톡옵션 행사가가 최소 6분의1, 최대 1000분의3 수준이란 점을 감안하면 직원들이 스톡옵션 행사로 얻을 평가차익도 상당할 전망이다. 현금으로 차익을 거두길 원하면 스톡옵션 행사 후 주식을 시장에 팔면 된다.  루닛 임직원들은 3월 말 기준 총 88억원을 들여 1127억원 어치 루닛 주식을 확보할 수 있는 것으로 추산된다. 평가차익만 1000억원이 넘는다. 이중 바로 주식으로 전환해 현금화까지 가능한 물량으로만 범위를 좁히면, 루닛 임직원들은 31억원을 투입해 449억원 규모 루닛 주식을 확보할 수 있다. 이는 수십명의 루닛 직원들 외에 엘리엇 시걸 교수, 린다 모이 교수 등 계열사 경영진이 보유한 물량이다.  다만 임직원들이 바로 현금화에 나설지는 미지수다. 루닛 주가가 앞으로도 상승세를 이어가면 이들이 거둘 수 있는 차익이 커져서다. 최근 루닛의 주가 급등은 폭발적 외형 성장세 영향이다. 올 1분기에만 110억원의 매출을 올렸다. 지난해 전체 매출액 139억원을 한 분기 만에 거의 따라잡은 것이다. 아직 적자에서 벗어나진 못했지만, 이 정도 매출 증가 속도면 머지않아 흑자 소식을 접할 가능성이 높다.루닛의 고속 성장은 'AI로 암을 정복한단' 뚜렷한 사업모델, 독자적인 의료 AI 기술 경쟁력과 해외시장 공략 전략이 어우러진 결과란 평가다. 루닛이 자체 개발한 인공지능과 빅데이터 기반 암 진단 솔루션의 진단 알고리즘은 비교적 높은 정확도를 바탕으로 국내외 업계에서 호평을 받고 있다. 이를 토대로 2019년 후지필름, 2020년 필립스, 2021년 GE헬스케어와 독점 파트너십을 맺고 해외 시장에 진출했다.또 미국 가던트헬스와 공동 개발한 바이오마커(생체표지자) 제품을 출시하며 진단 외 사업 영역에서 처음으로 매출을 올리는 등 상업화 성과에 공을 들였다. 노력은 결실로 돌아왔다. 루닛은 최근에도 한국 기업으로 유일하게 미국 정부가 주도하는 암 정복 프로젝트에 참여하고, 일본에서 건강보험 급여 적용을 받게 됐단 성과를 전했다.서범석 루닛 대표는 ""AI 바이오마커 등을 활용한 글로벌 빅파마와 공동 연구 확대 등을 통한 추가 매출도 기대하고 있다""며 ""앞으로 암 진단 분야에서 해외 판매망을 확대하고 글로벌 기업과 파트너십을 강화해 해외시장 공략에 속도를 높이겠다. 국가 암 건진 사업 등 B2G(기업과 정부 간 거래) 영역을 확대하는 등 새로운 사업 모델을 발굴하는 데도 노력을 아끼지 않겠다""고 강조했다.
]"
2023-07-03 12:53:01,"루닛 “의료AI 성능 좋을수록, 의료진 진단 실력도 향상”",https://n.news.naver.com/mnews/article/366/0000913747?sid=101,"[
서울대병원 영상의학과 의사 30명 대상 연구  “고성능AI  사용하자 판독 정확도 높아져”



루닛의 흉부 엑스레이 AI 영상분석 솔루션 '인사이트 CXR'./루닛 제공



        의료 인공지능(AI)의 성능이 좋을수록, 의료진이 그 결과를 더 긍정적으로 받아들이는 것으로 나타났다. 의료AI 성능이 의료진의 질병 판독 능력에 영향을 끼친다는 연구 결과여서 주목된다.의료용 AI기업인 루닛은 3일 진단 정확도가 높은 AI 모델을 사용한 경우에만 판독자인 의사의 폐암 검출 능력이 향상된다는 내용의 연구 결과가 국제 학술지 래디올로지(Radiology)에 게재됐다고 3일 밝혔다.이번 연구는 지난 2015년 12월부터 2021년 2월까지 서울대병원 영상의학과 의사 30명을 대상으로 루닛의 의료용 AI를 활용해 환자 120명의 흉부 엑스선 영상을 판독하는 방식으로 진행됐다. 이들은 폐암 소견 영상 60장과 암이 없는 정상 소견 영상 60장 등 총 120장의 영상을 각자 단독으로 1차 판독했다.이후 의료진을 15명씩 두 그룹으로 나눠 A그룹은 정확도가 높은 AI(루닛 인사이트 CXR)를, B그룹은 정확도가 낮은 AI(10%만 학습)를 각각 활용해 2차 판독하도록 했다. 그 결과 AI 모델의 성능평가(AUROC) 분석에서 고성능 AI의 폐암 검출 능력은 0.88로, 저성능인 0.77보다 높았다. 이 지수는 1에 가까울수록 성능이 뛰어나다.이번 연구에서는 1차에서 판독의가 독자적으로 판독한 결과와 2차에서 AI가 판독한 결과가 서로 엇갈릴 경우, AI가 제안한 대로 판독을 수정한 비율을 측정했다. 그 결과 A그룹은 67%, B그룹은 59%였다. 고성능 AI를 사용한 의료진이 AI 결과를 더 잘 수용했다는 것 뜻한다.박창민 서울대병원 영상의학과 교수는 “이번 연구에서 의료진 판독의 경험과 성향은 무관했다”고 설명했다. 서범석 루닛 대표는 “이번 연구는 의료진의 경험·성향과 관계없이 고성능 AI를 활용하면 질병 판독이 개선되고, AI에 대한 의료진의 수용성이 높아진다는 것을 확인한 것”이라고 말했다.
]"
2023-06-30 14:44:06,7월 상장주식 2억5233만주 의무보유 풀린다...루닛·KB스타리츠 등,https://n.news.naver.com/mnews/article/014/0005035152?sid=101,"[




7월 유가증권시장 의무보유등록 해제 종목. 한국예탁결제원 제공[파이낸셜뉴스] 다음 달에 상장사 주식 2억5233만주가 의무보유등록에서 해제된다.   한국예탁결제원은 내달 KB스타리츠(KB스타위탁관리부동산투자회사) 등 상장사 41개사 주식의 의무보유등록이 풀린다고 30일 밝혔다. 의무보유등록은 일반 투자자 보호를 위해 최대주주 등이 소유한 주식을 일정 기간 처분이 제한되도록 예탁원에 전자 등록하는 제도다.   총 발행주식수 대비 해제 주식수 상위 3개사는 케이비스타위탁관리 부동산투자회사(69.73%), 한세엠케이(57.12%), 소마젠KDR(54.50%) 등이다. 의무보유등록 해제 주식수 상위 3개사는 케이비스타위탁관리부동산투자회사(7071만주), 케이지모빌리티(2000만주), 코닉오토메이션(1780만주)으로 나타났다.   유가증권시장에서는 6개사 1억 2861만주, 코스닥시장에서는 35개사 1억 2372만주의 의무보유등록 물량이 해제된다.
		]"
2023-06-30 11:11:01,[주식 초고수는 지금] '주가 올 500% 급등' 루닛 순매수 1위,https://n.news.naver.com/mnews/article/011/0004208333?sid=101,"[
하나기술, 에코프로 등 2차전지주도 순매수 상위권



[서울경제] 미래에셋증권에서 거래하는 고수익 투자자들이 30일 오전 가장 많이 순매수한 종목은 루닛(328130)으로 나타났다. 하나기술, 에코프로, 포스코퓨처엠, 오픈놀 등도 순위에 올랐다.이날 미래에셋엠클럽에 따르면 미래에셋증권 주식 거래 고객 중 최근 1개월 간 투자수익률 상위 1%에 해당하는 ‘주식 초고수’들이 오전 11시까지 가장 많이 사들인 종목은 루닛으로 집계됐다. 지난 19일부터 28일까지 7거래일 연속 상승세를 기록하다가 이날 장 초반 주가가 9% 넘게 빠지며 조정을 받자 매수세가 몰리는 것으로 분석된다. 7연속 상승 국면에 접어들기 직전인 지난 16일부터 27일까지 상승률은 무려 79.41%에 달한다.루닛은 의료 인공지능(AI) 기업으로, 챗GPT 열풍 등에 힘입어 올해 들어서만(12월 29일~6월 27일) 주가가 499.66% 급등했다. 지난 26일 일본 후지필름과 개발해 판매하는 'CXR-AID'가 일본 건강보험 급여 가산 대상으로 공식 인증받았다는 소식도 강력한 호재로 작용했다.2위는 2차전지 장비 기업인 하나기술이다. 최근 대규모 수주 소식을 잇달아 전하자 매수세가 몰리는 것으로 분석된다. 하나기술은 지난 27일 1724억 원 규모의 2차전지 조립, 화성라인 턴키 공급 수주 소식을 알렸다. 판매공급 지역은 아시아로, 최근 3년간 계약 이행 여부 내역이 없는 신규 고객사와의 계약이다. 심원용 신한투자증권 연구원은 “단일 수주 계약 공시로는 최대 규모”라며 “발주금액을 고려하면 고객사는 이미 양산성이 검증된 배터리 플레이어일 가능성이 높다”고 밝혔다.심 연구원은 하나기술이 이번 수주로 실적 가시성을 확보한 것은 물론, 단일 고객사 리스크에서도 벗어날 것으로 전망했다. 그는 “이번 수주로 수주 잔고는 3800억원 수준까지 증가한 것으로 추정한다”며 “현재 1, 2공장 합산 생산능력(캐파)는 연 매출액 7000억 원 수준으로 대응 역량도 충분하다”고 말했다. 또 “반도체 배터리 양산을 계획 중인 노르웨이 회사 프레이어(Freyr)과의 파트너십 체결 이후 주가는 프레이어 투자에 연동돼 와 고객사 투자 스케줄 지연으로 불확실성이 존재했다”며 “이번 신규 고객 확보로 안정적인 성장 발판을 마련했다”고 평가했다.3위는 에코프로다. 4월 최고 82만원까지 치솟았던 에코프로 주가는 급등락을 거듭하다가 최근 70만 원 대에서 횡보 중이다. 단기간 주가가 빠르게 올라 과열 우려가 제기됐고, 이에 따른 공매도가 급증했다. 다만 지난 16일 영국 파이낸셜타임즈스톡익스체인지(FTSE)에 편입된 만큼, 이를 통한 외국인 수급이 유입된다면 다시 상승 탄력을 받을 수 있다는 전망도 나온다.이날 순매도 1위는 덕신하우징이다. 기아, 레이크머티리얼즈, 씨에스윈드, 메지온 등도 순매도 상위권에 이름을 올렸다. 전 거래일 순매수 1위는 SK하이닉스며 루닛, 인텍플러스, 포스코DX 등이 뒤를 이었다. 전 거래일 순매도 1위는 이수페타시스다. 메디톡스, 대주전자재료, 에코프로비엠, 하나기술 순으로 매도가 많았다.미래에셋증권은 자사 고객 중에서 지난 1개월간 수익률 상위 1% 투자자들의 매매 종목을 집계해 실시간·전일·최근 5일 기준으로 모바일트레이딩시스템(MTS)상에서 공개하고 있다. 이 통계 데이터는 미래에셋증권의 의견과 무관한 단순 정보 안내이며, 각각의 투자자 개인에게 맞는 투자 또는 수익 달성을 보장하지 않는다. 또 테마주 관련종목은 이상 급등락 가능성이 있으므로 유의해야 한다.




]"
2023-06-29 10:20:00,정말 돈 될까…석달 만에 작년 매출 만큼 번 '루닛' 비결은?,https://n.news.naver.com/mnews/article/008/0004905560?sid=101,"[
[MT리포트]디지털 헬스케어, 돈 될까③[편집자주] 디지털 헬스케어에 대한 관심이 뜨겁다. 촉망받는 미래산업이란 평가에 이견은 없는 듯하다. IT(정보기술)와 AI(인공지능), 빅데이터, 의료 기술의 발달과 융합으로 여건은 갖춰졌다. 하지만 궁금증이 남는다. 너도나도 디지털 헬스케어라는데, 정말 돈이 될까. 규제 장벽을 넘고 새 시장을 창출할 수 있을까. 최근 디지털 헬스케어 선두주자로 꼽히는 미국 글로벌 기업이 파산했다. 비대면 진료 허용 등 시장 환경은 빠르게 변하고 있다. 디지털 헬스케어의 명과 암을 짚을 때가 됐다.



디지털 헬스케어 시장의 미래는 밝겠지만 문제는 따로 있다. 과연 이 시장에서 우리 기업이 돈을 벌 수 있을까. 결국 이익이 나야 스타 기업이 등장하고 시장이 커지고 산업이 발전한다.아직 디지털 헬스케어로 돈을 버는 기업은 드물다. 아직 시장이 무르익지 않은 영향도 있다. 하지만 이게 전부는 아니다. 진짜 이유는 차별화된 아이디어와 시장성에 기반한 독보적인 기술력이 없다는 데 있다. 이미 많은 국내 기업이 디지털 헬스케어를 표방하며 주식시장에 상장했거나 많은 투자를 받았다. 그럼에도 아직 시장을 선도하는 기업은 보이지 않는다.인공지능(AI)과 사물인터넷(IoT) 기술 기반의 디지털 재활 솔루션을 앞세워 2018년 코스닥에 상장한 네오펙트 같은 부정적 사례도 있다. 네오펙트는 상장 이후 한 번도 이익을 내지 못하고 적자를 지속하다 최대주주가 지분을 팔고 올해 주인이 바뀌었다. 국내 디지털 치료제 개발 기업 중에서도 아직 이익을 내는 기업은 찾기 힘들다. 그만큼 디지털 헬스케어로 돈을 버는 일이 쉽지 않단 방증이다.한 예로 올해 국내에서 디지털 치료제 2종이 품목허가를 받았지만 향후 얼마나 의료 시장에 침투해 국민 건강에 기여하며 시장을 키울 수 있을진 미지수란 평가도 나온다. 디지털 치료제가 있어도 의사가 환자에게 적극적으로 처방할지 알 수 없다. 또 인지 행동 치료에 기반한 디지털 치료제의 경우 언어나 문화 차이가 있는 해외 시장에서 성공을 장담하기 어렵다.전문가들은 명확한 사업 모델과 공략 대상 선정, 해외 시장 진출, 차별화된 콘텐츠와 서비스개발이 핵심이라고 조언한다.익명을 요구한 한 디지털 헬스케어 기업 대표는 ""시장 규모가 제약된 국내 사업만으로 디지털 헬스케어를 키우는 데 한계가 있다""며 ""초기 단계부터 글로벌 시장에서 통할 수 있는 타깃을 정하고 제품이나 서비스를 개발하고 적극적으로 해외 시장을 뚫으려는 노력을 지속해야 한다""고 말했다.김법민 범부처의료기기연구개발사업단장은 ""우리나라에도 이미 디지털 헬스케어와 관련해 많은 기술 개발 시도가 있고 서비스나 제품이 속속 나오고 있지만, 기술만 내세울 뿐 이익을 내기 위한 사업 모델에 대해 심각하게 고민하지 않는 경향이 있는 것 같아 아쉽다""며 ""시장에서 비용 지불자 역할을 하는 건보(건강보험)나 민간보험, 병원과 환자에 얼마나 혜택을 제공하고 주머니를 열 수 있을지를 확실히 해야 한다""고 지적했다.━AI 잘하니 해외서 매출이 팍팍…루닛의 쾌속질주━의료 AI 기업 루닛은 성공적인 디지털 헬스케어 사례다. 올해 루닛은 국내 주식시장의 스타 플레이어로 떠올랐다. 올해 주가 상승률은 500%에 달한다. 지난해 말 종가는 2만9800원. 현재 주가는 17만원 안팎이다. 아직 적자 회사이긴 하지만 매출액이 폭발적으로 늘어난 영향이다. 올해 1분기에만 110억원의 매출을 올리며 스스로 경쟁력을 증명하고 있다. 지난해 전체 매출액 139억원을 한 분기 만에 거의 따라잡았다. 이 정도 매출 증가 속도면 머지않아 흑자 소식을 접할 가능성이 높다.특히 올해 1분기 루닛 수출액은 97억원으로, 전체 매출 비중은 88.6%에 달한다. 매출의 대부분이 수출인 셈이다. 해외 시장에서 루닛의 기술 경쟁력을 인정하고 적극적으로 의료 현장이나 신약 개발 연구 등에 적용하고 있기 때문이다.루닛의 고속 성장은 'AI로 암을 정복한단' 뚜렷한 사업모델, 독자적인 의료 AI 기술 경쟁력과 해외 시장 공략 전략이 어우러진 결과란 평가다. 루닛이 자체 개발한 인공지능과 빅데이터 기반 암 진단 솔루션의 진단 알고리즘은 비교적 높은 정확도를 바탕으로 국내외 업계에서 호평을 받고 있다. 이를 토대로 2019년 후지필름, 2020년 필립스, 2021년 GE헬스케어와 독점 파트너십을 맺고 해외 시장에 진출했다.또 미국 가던트헬스와 공동 개발한 바이오마커(생체표지자) 제품을 출시하며 진단 외 사업 영역에서 처음으로 매출을 올리는 등 상업화 성과에 공을 들였다. 노력은 결실로 돌아왔다. 루닛은 최근에도 한국 기업으로 유일하게 미국 정부가 주도하는 암 정복 프로젝트에 참여하고, 일본에서 건강보험 급여 적용을 받게 됐단 성과를 전했다.서범석 루닛 대표는 ""최근 매출 확대는 후지필름 등 해외 파트너십 성과가 실제 의료기관을 통한 솔루션 판매로 이어진 영향""이라며 ""인공지능 바이오마커 등을 활용한 글로벌 빅파마와 공동 연구 확대 등을 통한 추가 매출도 기대하고 있다""고 말했다.또 ""앞으로 암 진단 분야에서 해외 판매망을 확대하고 글로벌 기업과 파트너십을 강화해 해외 시장 공략에 속도를 높이겠다""며 ""암 치료 분야에선 글로벌 제약사와 지속적인 협업 관계를 구축하고 공동 연구와 임상 참여에 나서는 동시에 미국 FDA(식품의약국) 등 해외 규제기관의 승인 절차도 본격적으로 진행하겠다""고 말했다.이어 ""이와 함께 국가 암 건진 사업 등 B2G(기업과 정부 간 거래) 영역을 확대하는 등 새로운 사업 모델을 발굴하는 데도 노력을 아끼지 않겠다""고 덧붙였다.━넛지헬스케어의 대박, 명확한 사업모델이 핵심━



2016년 설립된 넛지헬스케어도 성공적인 디지털 헬스케어 사례로 꼽힌다. 걸으면 금전적 보상을 주는 '캐시워크' 앱을 개발한 기업이다. 작년 연결 기준 매출 793억원, 영업이익 106억원을 기록했다. 돈 벌고 흑자까지 내는 국내외 몇 안되는 디지털 헬스케어 기업이다. 전년보다 매출액은 39%, 영업이익은 12% 늘면서 고성장세를 이어가고 있다.'명확한 사업모델'이 넛지헬스케어의 성공요인으로 꼽힌다. 캐시워크는 동기부여로 행동 변화를 이끌어내는 '넛지(Nudge) 이론'을 바탕으로 만들어진 디지털 헬스케어 서비스다. 동기부여 수단은 리워드 형태의 금전적 보상이다. 넛지헬스케어는 캐시워크를 '돈버는 만보기'로 정의했다. 누구나 쉽게 원리를 이해하고 실행할 수 있는 직관적 컨셉이다.캐시워크는 출시 후 대한민국 국민 3명 중 1명 이상(다운로드 2000만건)이 사용하는 앱이 됐다. 월간 활성 이용자 수(MAU)만 600만명에 이른다. 매력적인 플랫폼이 되면서 광고주가 몰렸다. 넛지헬스케어는 광고 노출시간을 경매처럼 운영하는 기법을 접목해 동기부여 재원을 늘리는 선순환 구조를 만들었다. 이용자에 돈을 주는 앱이 돈을 버는 앱이 된 배경이다.넛지헬스케어는 최근 무대를 국내에서 해외로 확장했다. 작년 말 미국과 캐나다 등 북미 시장을 시작으로 영국, 프랑스, 독일, 스페인, 이탈리아 등 유럽에 캐시워크를 출시했다. 글로벌 캐시워크는 약 반년 만에 다운로드 200만건을 돌파하며 호응을 얻고 있다. 국가별 언어 지원은 물론, 보상을 지원하는 제휴업체를 확보해 현지 사용자가 느끼는 보상 효용감을 극대화하는 데 주력한 영향이다. 조만간 다른 아시아 시장에도 진출할 예정이다.나승균 넛지헬스케어 대표는 ""다변하는 디지털 헬스케어 시장에서 캐시워크는 일상 속 건강관리 즉, '예방'에 특화한 서비스를 선보이며 남녀노소 누구나 부담 없이 사용할 수 있는 앱으로 자리잡았다며 ""대규모 트래픽이 발생하는 국내외 캐시워크의 지속적인 서비스 개선과 포트폴리오 확장으로 대표 건강관리 앱의 자리를 공고히 하겠다""고 말했다.
]"
2023-06-29 00:01:02,"'8거래일 연속 상승'엔 실패한 루닛, 파죽지세 이어갈까",https://n.news.naver.com/mnews/article/629/0000224464?sid=101,"[
지난 19일부터 27일까지 7거래일 연속 상승 'CXR-AID'의 日 건강보험 급여 가산 대상 인증 '호재'



루닛은 지난 6월 19일부터 27일까지 7거래일 연속 상승하며 관심을 끌고 있다. 연이은 상승에 들어가기 전인 지난 6월 16일부터 전날까지 상승률은 79.41%이다. /루닛최근 7거래일 연속 급등을 이어가다 상승세가 주춤한 의료 인공지능(AI) 기업 루닛에 시장의 이목이 쏠리고 있다. 루닛은 올 들어 500%에 가까운 상승률을 보이고 있어 앞으로도 랠리를 이어갈 수 있을지 주가 방향에 시선이 모인다.29일 한국거래소에 따르면 전일 루닛은 27일 대비 5.65%(1만100원) 오른 16만8600원에 거래를 마쳤다. 주가는 이날 한 때 20만 원을 터치하는 등 오전까지 상승세를 나타냈다.루닛은 지난 19일부터 전날까지 7거래일 연속 상승해 시장의 관심이 모였다. 잇따른 상승에 들어가기 전날인 지난 16일부터 전날까지의 상승률은 79.41%이다.루닛은 올해 들어 차곡차곡 주가를 높여오며 개인투자자들의 기대를 모았다. 올해(지난해 12월 29일~지난 27일) 상승률은 무려 499.66%에 달한다.루닛은 연초 2만8850원에 거래를 시작한 뒤 올해 초만 하더라도 3만~4만 원대에 거래됐지만 지난 4월 종가기준 5만 원을 넘어섰고, 이후에도 꾸준히 상승세를 이어왔다. 지난 5월 30일부터 이달 7일까지는 6거래일 연속 오르며 주가가 11만 원대를 돌파했다.이는 올해 들어 챗GPT에 대한 관심이 커지는 등 거세진 AI 열풍으로부터 수혜를 받은 것으로 분석된다. 루닛은 의료 AI 기업으로 딥러닝 기술을 통해 인간의 시각적 한계를 보완하는 판독 보조(AI-assisted detection) 솔루션을 개발해 상용화한 업체다.루닛이 지난 26일 일본 후지필름과 개발해 판매하는 'CXR-AID'가 일본 건강보험 급여 가산 대상으로 공식 인증받았다는 소식도 최근 주가를 밀어 올린 강력한 호재로 작용했다. CXR-AID는 AI 기반 엑스레이(X-ray) 분석 시스템이다. 루닛은 앞서 후지필름과 파트너십을 맺고 일본 내 루닛 인사이트 독점판매 계약을 맺었다.아울러 미국에서는 조 바이든 미국 대통령이 추진하는 암 정복 프로젝트 '캔서 문샷'의 협력체인 '캔서X'의 유일한 국내 멤버로 들어갔다. 캔서X에는 글로벌 제약사 다케다제약, 아스트라제네카 등 92개사가 포함됐다.증권가는 글로벌 의료 AI 시장 규모 확대 등 환경에 따라 주가가 더 오를 것이라고 내다보고 있다. 시장 조사기관인 마켓앤마켓에 따르면 글로벌 의료 AI 시장 규모는 2018년 21억 달러(약 2조7000억 원)에서 2025년 362억 달러(약 47조 원)로 확대될 전망이다.DS투자증권은 전날 루닛의 목표주가를 종전 13만7000원에서 45.9% 오른 20만 원으로 상향했다. 유안타증권은 지난 20일 14만 원의 목표주가를 제시했다.김민정 DS투자증권 연구원은 ""루닛의 파트너사인 후지필름은 일본 내에서 흉부 엑스레이 의료기기 시장 점유율 약 50%를 차지하고 있는 1위 기업이며 2만 여개의 병원이 후지필름의 엑스레이 기기를 사용하고 있다. 루닛인사이트는 파트너사의 기기에 탑재돼 판매되는 구조로, 파트너사가 차지하고 있는 시장이 루닛의 타깃 시장이 된다. 따라서 현재 루닛이 침투할 수 있는 일본 CXR 시장은 총시장의 약 50%에 달하는 것으로 확인된다""고 분석했다.하현수 유안타증권 연구원은 ""AI 테마에 대한 관심과 1분기 호실적으로 인한 기대감으로 단기에 주가가 빠르게 상승했으나 인사이트와 스코프 관련 모멘텀이 유효하다고 판단한다""고 설명했다.이어 ""다만 1분기 실적은 1회성 이익과 비용절감 영향으로 2분기 실적 하락은 불가피하며 주가 하락 시 매수 기회로 판단한다""고 덧붙였다.발로 뛰는 더팩트는 24시간 여러분의 제보를 기다립니다.▶카카오톡: '더팩트제보' 검색▶이메일: jebo@tf.co.kr▶뉴스 홈페이지: http://talk.tf.co.kr/bbs/report/write
]"
2023-06-28 10:16:01,"""광기여도 좋아""…며칠 만에 주가 2배 '루닛' 개미들 환호",https://n.news.naver.com/mnews/article/015/0004861606?sid=101,"[
단기 폭등에도 개미들은 매집 중



사진=한경DB의료 인공지능(AI) 기업 루닛의 주가가 연이은 호재에 힘입어 8거래일 연속 오르고 있다.28일 오전 10시3분 현재 루닛은 전일 대비 1만7000원(9.51%) 뛴 19만5700원에 거래 중이다. 장중 한때 20만원을 터치하며 52주 신고가를 내기도 했다.루닛은 앞서 지난 19일부터 이날까지 7거래일간 79% 넘게 상승했다. 이날 현재 기준 상승분까지 포함하면 8거래일간 주가가 2배 수준으로 뛴 것이다.투자주체별 수급을 보면 개인의 순매수세가 세다. 이달 19일부터 전일까지 외국인과 기관이 각각 175억원, 259억원어치 팔아치웠지만 개인이 이 매도물량 이상을 쓸어담았다. 개인 홀로 672억원 넘게 순매수했다.잇단 호재가 투자심리를 자극한 것으로 보인다. 의료 인공지능(AI) 기업 루닛은 '루닛 인사이트 CXR'을 기반으로 개발해 후지필름이 판매하는 'CXR-AID'가 일본 건강보험 급여 가산 대상으로 공식 인증 받았다. 이에 앞선 2019년 루닛은 일본 후지필름과 파트너십을 맺고 일본 내 루닛 인사이트 독점판매 계약을 맺은 바 있다.미국에서의 활약도 최근 부각됐다. 루닛은 '캔서 문샷'을 추진하기 위해 마련된 공공·민간 협력체인 '캔서X'의 창립 멤버로 합류했다. 캔서X에는 글로벌 제약사인 다케다제약, 아스트라제네카, 제넨텍 등 92개사가 멤버로 포함됐다. 이들 멤버 중 국내 기업은 루닛이 유일하다.한편 포털 등의 루닛 종목게시판을 보면 투자자들은 '20만원을 찍다니…설마 했는데 이게 되네', '일단 1000만원 벌고 나왔다, 다른 주주들도 더 벌길', '루닛 만큼은 그냥 매매 가 본다', '앞으로 루닛은 절대 안 뺄 겁니다', '조정 받으면 재진입하려고 했는데 살 수도 없게 오른다. 물릴 것 각오하고 넣어야 하나', '수익률 526%, 작년부터 산 내게 박수를', '아무리 그래도 이 정도 급등은 광기에 가깝지 않을까 한다' 등 의견을 보이고 있다.
]"
2023-06-28 08:36:03,"서범석 루닛 대표, 하계 다보스포럼 초청 세션 발표",https://n.news.naver.com/mnews/article/015/0004861534?sid=105,"[
'암을 막는 새로운 방법' 주제



루닛은 서범석 대표가 ‘하계 세계경제포럼(WEF)’에 초청돼 세션 발표를 진행했다고 28일 밝혔다.다보스포럼은 세계 각국의 저명인사들이 한 자리에 모여 글로벌 당면 과제를 토론하는 연례 행사다. 연 2회 열린다. 올해 초 스위스 다보스에서 개최된 총회에 이어, 이번 하계 다보스포럼은 지난 27일부터 오는 29일까지 중국 톈진(天津)에서 ‘세계 경제의 원동력, 기업가정신(Entrepreneurship: The Driving Force of the Global Economy)’을 주제로 열린다.서 대표는 이번 포럼의 여섯 가지 소주제에 대한 분과 세션에서 ‘암을 막는 새로운 방법(Can we intercept cancer?)’을 주제로 발표했다. 발표를 통해 정밀 종양학에서 액체·합성 생검에 이르기까지 암을 발견하고 치료하는 새로운 방법에 대해 설명했다.또 4차 산업혁명 시대의 주요 과제인 인공지능(AI) 생태계 조성과 의료AI 산업 활성화에 대한 비전 및 전략을 강조했다.서범석 대표는 “세계 각국 정상과 글로벌 리더들이 대거 참여하는 다보스포럼에서 향후 AI가 이끌 의료산업의 미래를 제시해 감회가 새롭다”며 “앞으로 의료 AI를 통한 새로운 세상에 루닛이 선구자 역할을 맡겠다”고 말했다.한편 서 대표는 이번 하계 다보스포럼의 주관으로 출간된 백서 ‘인공지능을 통한 스마트 의료 솔루션의 확장(Scaling Smart Solutions with AI in Health: Unlocking Impact on High Potential Use Cases)’에도 기고자로 참여했다.
]"
2023-06-27 16:00:01,올해 519% 급등한 루닛…주가 어디까지 갈까,https://n.news.naver.com/mnews/article/011/0004206948?sid=101,"[
루닛 몸값, 연초 대비 6.19배 뛰어글로벌 의료 AI 시장 성장 속일본·유럽 등 해외 매출 기대감 ↑오는 2025년 첫 흑자전환 전망



[서울경제] 인공지능(AI) 열풍이 불며 의료 AI 기업인 루닛(328130)의 몸값도 연초 대비 6배 넘게 뛰어올랐다. 이 가운데 증권가에서는 “이미 주가가 많이 올랐지만, 글로벌 의료 AI 시장 규모가 가파르게 확대되고 있어 추가 상승이 기대된다”며 루닛의 목표가를 올려잡고 있다.27일 루닛은 전일 대비 3.65% 오른 17만 8700원에 거래를 마쳤다. 연초 2만 8850원에 거래를 시작한 루닛은 이달 7일 처음으로 11만 원을 돌파한 데 이어 연일 고공 행진하면서 올해 초 대비 주가가 519.41% 폭등했다. 시가총액도 지난달 30일 1조 원을 넘긴 가운데 이날 2조 2053억 원을 기록했다.올 들어 챗GPT, 엔비디아 등 AI가 시장을 주도하는 테마로 자리잡으며 의료 AI 기업인 루닛에도 관심이 집중된 것으로 풀이된다.의료 AI 시장이 전세계적으로 크게 성장하고 있는 점도 영향을 미쳤다. 실제로 시장조사기관 마켓앤마켓에 따르면 글로벌 의료 AI 시장 규모는 2018년 21억 달러(약 2조 7000억 원)에서 2025년 362억 달러(약 47조 원)까지 확대될 것으로 예상된다. 연평균 성장률만 50.2%에 달한다. 특히 루닛과 같은 의료 AI 진단 솔루션 기업의 성장 속도가 가파르다. 지난 2019년 3억 8000만 달러(약 4900억 원) 규모였던 AI 진단 솔루션 시장은 지난해 11억 8300만 달러(약 1조 5384억 원)로 최근 3년동안 3배 이상 불어났다.



여기에 루닛이 후지필름과 개발한 ‘CXR-AID’가 일본 건강보험 급여 가산 대상으로 공식 인증받았다는 사실도 불을 지폈다. CXR-AID는 루닛의 폐 질환 진단 보조 AI 소프트웨어인 ‘루닛 인사이트CXR’을 기반으로 개발한 AI 기반 엑스레이 분석 시스템이다. 앞서 지난 2021년 일본 규제당국으로터 사용 허가를 받았다.연일 들려오는 호재에 증권가들도 발 빠르게 주가를 올려잡고 있다. 이날 DS투자증권은 루닛의 목표주가로 20만 원을 제시했다. 1개월 전 증권사 평균 목표주가(13만 7000원) 대비 45.9% 상향 조정된 수치다. 김민정 DS투자증권 연구원은 “CXR-AID가 일본 건강보험 급여 가산 대상으로 인정받으며 루닛인사이트CXR의 시장 침투율도 크게 상승할 것으로 예상된다”며 “오는 2027년 루닛인사이트CXR의 글로벌 예상 매출을 기존 479억 원에서 630억 원으로 상향 조정한 것에 따른 것”이라고 설명했다.일본 뿐만 아니라 미국·유럽 등으로 무대를 키워가며 향후 실적 개선이 예상되는 점도 긍정적이다. 하현수 유안타증권 연구원은 “현재 해외 매출의 대부분은 후지필름을 통해 발생하며, 일본·동남아·남미 비중이 높다”면서도 “올해 하반기부터 GE헬스케어, 필립스 등 기업들의 장비에 의료 AI 진단 솔루션이 포함될 것으로 전망돼 미국·유럽 등에서 매출 확대가 기대된다”고 했다. 실제로 에프앤가이드에 따르면 루닛은 올해 260억 원의 영업손실을 기록할 것으로 예상되나, 오는 2025년에는 115억 원의 영업이익을 기록하며 흑자전환할 것으로 전망된다.
]"
2023-06-26 10:30:43,"루닛 ""AI 폐질환 진단 보조 제품, 日 건보 대상 포함""",https://n.news.naver.com/mnews/article/001/0014025517?sid=102,"[




루닛 ""AI 폐질환 진단 보조 제품, 일본 보험급여 대상 인증""[루닛 제공. 재판매 및 DB 금지](서울=연합뉴스) 조현영 기자 = 의료 인공지능(AI) 기업 루닛은 글로벌 의료기기 업체 후지필름과 개발한 'CXR-AID'가 일본 건강보험 급여 가산 대상으로 공식 인증받았다고 26일 밝혔다.     CXR-AID는 루닛의 폐 질환 진단 보조 AI 소프트웨어 '루닛 인사이트 CXR'을 기반으로 개발한 AI 기반 엑스레이 분석 시스템이다. 지난 2021년 일본 규제당국으로부터 허가받았다.     루닛에 따르면 일본 건강보험급여 제도는 CT나 MRI 촬영 등에 대한 수가 항목을 통해 일정한 시설 요건을 갖춘 병원에서 AI 영상진단 소프트웨어를 활용하는 경우 추가적인 가산 수가를 인정하고 있다. 이에 따라 CXR-AID도 가산 수가 대상이 됐다고 루닛은 설명했다.     서범석 루닛 대표는 ""루닛 AI 설루션을 바탕으로 한 제품이 보험 급여 대상으로 인증받은 것은 일본 사례가 처음""이라며 ""일본을 필두로 더 많은 국가에서 수가를 인정받아 환자들이 더 다양한 건강보험 혜택을 적용받길 기대한다""고 말했다.    hyun0@yna.co.kr
]"
